Station information:,,,,,,,,
Name,Agent Number,Network Number,Latitude (dec.deg),Longitude (dec.deg),Height (m),Posn_Precision,Observing Authority,
Auckland Aero,1962,C74082,-37.00813,174.78873,7,H,N/A,
"Note: Position precision types are: ""W"" = based on whole minutes, ""T"" = estimated to tenth minute,",,,,,,,,
"G = derived from gridref , ""E"" = error cases derived from gridref,",,,,,,,,
"H = based on GPS readings (NZGD49), ""D"" = by definition i.e. grid points.",,,,,,,,
,,,,,,,,
Rain: Daily,,,,,,,,
Station,Date(NZST),Time(NZST),Amount(mm),SofG,Deficit(mm),Runoff(mm),Period(Hrs),Freq
Auckland Aero,20160101,800,0,-,134.7,0,24,D
Auckland Aero,20160102,800,15.8,-,119.9,0,24,D
Auckland Aero,20160103,800,18.4,-,103.5,0,24,D
Auckland Aero,20160104,800,0,-,106.6,0,24,D
Auckland Aero,20160105,800,0,-,109.4,0,24,D
Auckland Aero,20160106,800,0,-,112.1,0,24,D
Auckland Aero,20160107,800,0,-,114.6,0,24,D
Auckland Aero,20160108,800,0,-,117,0,24,D
Auckland Aero,20160109,800,29.8,-,89.4,0,24,D
Auckland Aero,20160110,800,0,-,93.4,0,24,D
Auckland Aero,20160111,800,0,-,97.2,0,24,D
Auckland Aero,20160112,800,1.2,-,99.5,0,24,D
Auckland Aero,20160113,800,3.6,-,99.2,0,24,D
Auckland Aero,20160114,800,0,-,102.6,0,24,D
Auckland Aero,20160115,800,0,-,105.7,0,24,D
Auckland Aero,20160116,800,0,-,108.7,0,24,D
Auckland Aero,20160117,800,0,-,111.4,0,24,D
Auckland Aero,20160118,800,0,-,114,0,24,D
Auckland Aero,20160119,800,11.2,-,105.2,0,24,D
Auckland Aero,20160120,800,0,-,108.1,0,24,D
Auckland Aero,20160121,800,0,-,110.9,0,24,D
Auckland Aero,20160122,800,0,-,113.5,0,24,D
Auckland Aero,20160123,800,0,-,115.9,0,24,D
Auckland Aero,20160124,800,0,-,118.2,0,24,D
Auckland Aero,20160125,800,0,-,120.3,0,24,D
Auckland Aero,20160126,800,0,-,122.3,0,24,D
Auckland Aero,20160127,800,0,-,124.1,0,24,D
Auckland Aero,20160128,800,46.6,-,79.2,0,24,D
Auckland Aero,20160129,800,0.6,-,83.3,0,24,D
Auckland Aero,20160130,800,0.2,-,87.5,0,24,D
Auckland Aero,20160131,800,0,-,91.7,0,24,D
Auckland Aero,20160201,800,0.8,-,94.8,0,24,D
Auckland Aero,20160202,800,0,-,98.1,0,24,D
Auckland Aero,20160203,800,0,-,101.2,0,24,D
Auckland Aero,20160204,800,0,-,104.1,0,24,D
Auckland Aero,20160205,800,0.2,-,106.7,0,24,D
Auckland Aero,20160206,800,4.4,-,104.9,0,24,D
Auckland Aero,20160207,800,3.4,-,104.2,0,24,D
Auckland Aero,20160208,800,0,-,106.9,0,24,D
Auckland Aero,20160209,800,0,-,109.5,0,24,D
Auckland Aero,20160210,800,0,-,112,0,24,D
Auckland Aero,20160211,800,10.4,-,103.8,0,24,D
Auckland Aero,20160212,800,0.2,-,106.4,0,24,D
Auckland Aero,20160213,800,0,-,109,0,24,D
Auckland Aero,20160214,800,0,-,111.5,0,24,D
Auckland Aero,20160215,800,0,-,113.8,0,24,D
Auckland Aero,20160216,800,0,-,116,0,24,D
Auckland Aero,20160217,800,12,-,106,0,24,D
Auckland Aero,20160218,800,14.6,-,94.1,0,24,D
Auckland Aero,20160219,800,5.8,-,91.6,0,24,D
Auckland Aero,20160220,800,0.2,-,94.9,0,24,D
Auckland Aero,20160221,800,0,-,98.2,0,24,D
Auckland Aero,20160222,800,0,-,101.3,0,24,D
Auckland Aero,20160223,800,0,-,104.3,0,24,D
Auckland Aero,20160224,800,0,-,107,0,24,D
Auckland Aero,20160225,800,0,-,109.6,0,24,D
Auckland Aero,20160226,800,0,-,112,0,24,D
Auckland Aero,20160227,800,0,-,114.3,0,24,D
Auckland Aero,20160228,800,10.4,-,106,0,24,D
Auckland Aero,20160229,800,0.8,-,107.9,0,24,D
Auckland Aero,20160301,800,37.6,-,72.8,0,24,D
Auckland Aero,20160302,800,0,-,76.5,0,24,D
Auckland Aero,20160303,800,0,-,80.1,0,24,D
Auckland Aero,20160304,800,0,-,83.5,0,24,D
Auckland Aero,20160305,800,0,-,86.7,0,24,D
Auckland Aero,20160306,800,0,-,89.8,0,24,D
Auckland Aero,20160307,800,0,-,92.7,0,24,D
Auckland Aero,20160308,800,0,-,95.5,0,24,D
Auckland Aero,20160309,800,1,-,97.2,0,24,D
Auckland Aero,20160310,800,0,-,99.8,0,24,D
Auckland Aero,20160311,800,1.8,-,100.4,0,24,D
Auckland Aero,20160312,800,0,-,102.8,0,24,D
Auckland Aero,20160313,800,0,-,105.1,0,24,D
Auckland Aero,20160314,800,0,-,107.3,0,24,D
Auckland Aero,20160315,800,0,-,109.4,0,24,D
Auckland Aero,20160316,800,9.4,-,102,0,24,D
Auckland Aero,20160317,800,0,-,104.3,0,24,D
Auckland Aero,20160318,800,1.4,-,105.2,0,24,D
Auckland Aero,20160319,800,0.2,-,107.1,0,24,D
Auckland Aero,20160320,800,0,-,109.2,0,24,D
Auckland Aero,20160321,800,0,-,111.2,0,24,D
Auckland Aero,20160322,800,0,-,113.1,0,24,D
Auckland Aero,20160323,800,0.6,-,114.3,0,24,D
Auckland Aero,20160324,800,9.6,-,106.5,0,24,D
Auckland Aero,20160325,800,2.8,-,105.8,0,24,D
Auckland Aero,20160326,800,0,-,107.9,0,24,D
Auckland Aero,20160327,800,0,-,110,0,24,D
Auckland Aero,20160328,800,0,-,111.9,0,24,D
Auckland Aero,20160329,800,0,-,113.8,0,24,D
Auckland Aero,20160330,800,0,-,115.6,0,24,D
Auckland Aero,20160331,800,0,-,117.2,0,24,D
Auckland Aero,20160401,800,0,-,118.8,0,24,D
Auckland Aero,20160402,800,3.8,-,115.9,0,24,D
Auckland Aero,20160403,900,2.2,-,114.8,0,24,D
Auckland Aero,20160404,900,1,-,114.8,0,24,D
Auckland Aero,20160405,900,0.2,-,115.7,0,24,D
Auckland Aero,20160406,900,0,-,116.7,0,24,D
Auckland Aero,20160407,900,0,-,117.7,0,24,D
Auckland Aero,20160408,900,0,-,118.7,0,24,D
Auckland Aero,20160409,900,0.2,-,119.5,0,24,D
Auckland Aero,20160410,900,0,-,120.4,0,24,D
Auckland Aero,20160411,900,0.6,-,120.7,0,24,D
Auckland Aero,20160412,900,0,-,121.6,0,24,D
Auckland Aero,20160413,900,8.2,-,114.2,0,24,D
Auckland Aero,20160414,900,0,-,115.3,0,24,D
Auckland Aero,20160415,900,0,-,116.3,0,24,D
Auckland Aero,20160416,900,0,-,117.4,0,24,D
Auckland Aero,20160417,900,2.4,-,115.9,0,24,D
Auckland Aero,20160418,900,9.4,-,107.6,0,24,D
Auckland Aero,20160419,900,0,-,108.8,0,24,D
Auckland Aero,20160420,900,0,-,110.1,0,24,D
Auckland Aero,20160421,900,0,-,111.3,0,24,D
Auckland Aero,20160422,900,0,-,112.5,0,24,D
Auckland Aero,20160423,900,0,-,113.6,0,24,D
Auckland Aero,20160424,900,1.2,-,113.5,0,24,D
Auckland Aero,20160425,900,3.2,-,111.4,0,24,D
Auckland Aero,20160426,900,0,-,112.6,0,24,D
Auckland Aero,20160427,900,0,-,113.7,0,24,D
Auckland Aero,20160428,900,0,-,114.8,0,24,D
Auckland Aero,20160429,900,0,-,115.8,0,24,D
Auckland Aero,20160430,900,0,-,116.9,0,24,D
Auckland Aero,20160501,900,0,-,117.9,0,24,D
Auckland Aero,20160502,900,1.4,-,117.1,0,24,D
Auckland Aero,20160503,900,0,-,117.8,0,24,D
Auckland Aero,20160504,900,0.2,-,118.3,0,24,D
Auckland Aero,20160505,900,0,-,118.9,0,24,D
Auckland Aero,20160506,900,1.8,-,117.7,0,24,D
Auckland Aero,20160507,900,0,-,118.4,0,24,D
Auckland Aero,20160508,900,0,-,119,0,24,D
Auckland Aero,20160509,900,0,-,119.6,0,24,D
Auckland Aero,20160510,900,0,-,120.3,0,24,D
Auckland Aero,20160511,900,0,-,120.9,0,24,D
Auckland Aero,20160512,900,5.4,-,116,0,24,D
Auckland Aero,20160513,900,0,-,116.7,0,24,D
Auckland Aero,20160514,900,1.6,-,115.8,0,24,D
Auckland Aero,20160515,900,1,-,115.5,0,24,D
Auckland Aero,20160516,900,0,-,116.2,0,24,D
Auckland Aero,20160517,900,4,-,112.9,0,24,D
Auckland Aero,20160518,900,0,-,113.6,0,24,D
Auckland Aero,20160519,900,10.6,-,103.7,0,24,D
Auckland Aero,20160520,900,1.8,-,102.9,0,24,D
Auckland Aero,20160521,900,28,-,75.8,0,24,D
Auckland Aero,20160522,900,2.6,-,74.7,0,24,D
Auckland Aero,20160523,900,6,-,70.2,0,24,D
Auckland Aero,20160524,900,17.4,-,54.4,0,24,D
Auckland Aero,20160525,900,4.4,-,51.5,0,24,D
Auckland Aero,20160526,900,8.4,-,44.6,0,24,D
Auckland Aero,20160527,900,4.4,-,41.7,0,24,D
Auckland Aero,20160528,900,13.8,-,29.4,0,24,D
Auckland Aero,20160529,900,0.8,-,30.1,0,24,D
Auckland Aero,20160530,900,26,-,5.6,0,24,D
Auckland Aero,20160531,900,9,-,0,1.9,24,D
Auckland Aero,20160601,900,4.6,-,0,3.1,24,D
Auckland Aero,20160602,900,0,-,0.9,0,24,D
Auckland Aero,20160603,900,0,-,1.7,0,24,D
Auckland Aero,20160604,900,0.2,-,2.4,0,24,D
Auckland Aero,20160605,900,0,-,3.2,0,24,D
Auckland Aero,20160606,900,0,-,4.1,0,24,D
Auckland Aero,20160607,900,0,-,5,0,24,D
Auckland Aero,20160608,900,0,-,5.8,0,24,D
Auckland Aero,20160609,900,0.2,-,6.5,0,24,D
Auckland Aero,20160610,900,5,-,2.3,0,24,D
Auckland Aero,20160611,900,1.8,-,1.4,0,24,D
Auckland Aero,20160612,900,0,-,2.3,0,24,D
Auckland Aero,20160613,900,3.4,-,0,0.3,24,D
Auckland Aero,20160614,900,0.4,-,0.5,0,24,D
Auckland Aero,20160615,900,1,-,0.3,0,24,D
Auckland Aero,20160616,900,0.2,-,1,0,24,D
Auckland Aero,20160617,900,0.4,-,1.4,0,24,D
Auckland Aero,20160618,900,0.6,-,1.7,0,24,D
Auckland Aero,20160619,900,0,-,2.6,0,24,D
Auckland Aero,20160620,900,0.2,-,3.2,0,24,D
Auckland Aero,20160621,900,0.2,-,3.9,0,24,D
Auckland Aero,20160622,900,3.6,-,1.1,0,24,D
Auckland Aero,20160623,900,23.6,-,0,21.6,24,D
Auckland Aero,20160624,900,6,-,0,5.1,24,D
Auckland Aero,20160625,900,2.6,-,0,1.7,24,D
Auckland Aero,20160626,900,8,-,0,7.1,24,D
Auckland Aero,20160627,900,7.4,-,0,6.5,24,D
Auckland Aero,20160628,900,4.4,-,0,3.5,24,D
Auckland Aero,20160629,900,5.6,-,0,4.7,24,D
Auckland Aero,20160630,900,46.4,-,0,45.5,24,D
Auckland Aero,20160701,900,3.4,-,0,2.5,24,D
Auckland Aero,20160702,900,0,-,1.4,0,24,D
Auckland Aero,20160703,900,0,-,2.8,0,24,D
Auckland Aero,20160704,900,0,-,4.2,0,24,D
Auckland Aero,20160705,900,0.2,-,5.3,0,24,D
Auckland Aero,20160706,900,0.6,-,6.1,0,24,D
Auckland Aero,20160707,900,0,-,7.5,0,24,D
Auckland Aero,20160708,900,16.8,-,0,7.9,24,D
Auckland Aero,20160709,900,0,-,1.4,0,24,D
Auckland Aero,20160710,900,0,-,2.8,0,24,D
Auckland Aero,20160711,900,0,-,4.2,0,24,D
Auckland Aero,20160712,900,0,-,5.5,0,24,D
Auckland Aero,20160713,900,0,-,6.9,0,24,D
Auckland Aero,20160714,900,14.6,-,0,6.3,24,D
Auckland Aero,20160715,900,4.4,-,0,3,24,D
Auckland Aero,20160716,900,7.8,-,0,6.4,24,D
Auckland Aero,20160717,900,1,-,0.4,0,24,D
Auckland Aero,20160718,900,4.6,-,0,2.8,24,D
Auckland Aero,20160719,900,1.2,-,0.2,0,24,D
Auckland Aero,20160720,900,7,-,0,5.4,24,D
Auckland Aero,20160721,900,2.6,-,0,1.2,24,D
Auckland Aero,20160722,900,0,-,1.4,0,24,D
Auckland Aero,20160723,900,10.8,-,0,8,24,D
Auckland Aero,20160724,900,9.6,-,0,8.2,24,D
Auckland Aero,20160725,900,1.4,-,0,0,24,D
Auckland Aero,20160726,900,17.6,-,0,16.2,24,D
Auckland Aero,20160727,900,1,-,0.4,0,24,D
Auckland Aero,20160728,900,1.6,-,0.2,0,24,D
Auckland Aero,20160729,900,11,-,0,9.4,24,D
Auckland Aero,20160730,900,0.4,-,1,0,24,D
Auckland Aero,20160731,900,7.2,-,0,4.8,24,D
Auckland Aero,20160801,900,8.6,-,0,7.2,24,D
Auckland Aero,20160802,900,8.2,-,0,6.7,24,D
Auckland Aero,20160803,900,0,-,1.5,0,24,D
Auckland Aero,20160804,900,1.8,-,1.2,0,24,D
Auckland Aero,20160805,900,6.8,-,0,4,24,D
Auckland Aero,20160806,900,9,-,0,7.5,24,D
Auckland Aero,20160807,900,3.4,-,0,1.9,24,D
Auckland Aero,20160808,900,0.4,-,1.1,0,24,D
Auckland Aero,20160809,900,0,-,2.6,0,24,D
Auckland Aero,20160810,900,0.8,-,3.4,0,24,D
Auckland Aero,20160811,900,0,-,4.9,0,24,D
Auckland Aero,20160812,900,0.2,-,6.2,0,24,D
Auckland Aero,20160813,900,1.4,-,6.3,0,24,D
Auckland Aero,20160814,900,0,-,7.9,0,24,D
Auckland Aero,20160815,900,0,-,9.4,0,24,D
Auckland Aero,20160816,900,0,-,10.9,0,24,D
Auckland Aero,20160817,900,0,-,12.4,0,24,D
Auckland Aero,20160818,900,0.2,-,13.7,0,24,D
Auckland Aero,20160819,900,0,-,15.3,0,24,D
Auckland Aero,20160820,900,0,-,16.8,0,24,D
Auckland Aero,20160821,900,0,-,18.3,0,24,D
Auckland Aero,20160822,900,0,-,19.8,0,24,D
Auckland Aero,20160823,900,0,-,21.4,0,24,D
Auckland Aero,20160824,900,0,-,22.9,0,24,D
Auckland Aero,20160825,900,23.8,-,0.6,0,24,D
Auckland Aero,20160826,900,21,-,0,18.9,24,D
Auckland Aero,20160827,900,0.8,-,0.7,0,24,D
Auckland Aero,20160828,900,0,-,2.2,0,24,D
Auckland Aero,20160829,900,0,-,3.8,0,24,D
Auckland Aero,20160830,900,2,-,3.3,0,24,D
Auckland Aero,20160831,900,0,-,4.8,0,24,D
Auckland Aero,20160901,900,0,-,6.3,0,24,D
Auckland Aero,20160902,900,0.2,-,8.2,0,24,D
Auckland Aero,20160903,900,0.6,-,9.7,0,24,D
Auckland Aero,20160904,900,0,-,11.8,0,24,D
Auckland Aero,20160905,900,11.6,-,2.2,0,24,D
Auckland Aero,20160906,900,1.6,-,2.7,0,24,D
Auckland Aero,20160907,900,0,-,4.8,0,24,D
Auckland Aero,20160908,900,8.4,-,0,1.5,24,D
Auckland Aero,20160909,900,0.2,-,1.9,0,24,D
Auckland Aero,20160910,900,0,-,4,0,24,D
Auckland Aero,20160911,900,0,-,6,0,24,D
Auckland Aero,20160912,900,0,-,8.1,0,24,D
Auckland Aero,20160913,900,0,-,10.2,0,24,D
Auckland Aero,20160914,900,0,-,12.3,0,24,D
Auckland Aero,20160915,900,5.6,-,8.7,0,24,D
Auckland Aero,20160916,900,7.4,-,3.4,0,24,D
Auckland Aero,20160917,900,0,-,5.5,0,24,D
Auckland Aero,20160918,900,13,-,0,5.4,24,D
Auckland Aero,20160919,900,0,-,2.1,0,24,D
Auckland Aero,20160920,900,0,-,4.2,0,24,D
Auckland Aero,20160921,900,24.4,-,0,18.2,24,D
Auckland Aero,20160922,900,0,-,2.1,0,24,D
Auckland Aero,20160923,900,0.4,-,3.8,0,24,D
Auckland Aero,20160924,900,0,-,5.8,0,24,D
Auckland Aero,20160925,800,21,-,0,13.1,24,D
Auckland Aero,20160926,800,38.8,-,0,36.7,24,D
Auckland Aero,20160927,800,0.2,-,1.9,0,24,D
Auckland Aero,20160928,800,2.6,-,1.4,0,24,D
Auckland Aero,20160929,800,29.6,-,0,26.2,24,D
Auckland Aero,20160930,800,0.2,-,1.9,0,24,D
Auckland Aero,20161001,800,9.4,-,0,5.4,24,D
Auckland Aero,20161002,800,5.8,-,0,2,24,D
Auckland Aero,20161003,800,3.8,-,0,0,24,D
Auckland Aero,20161004,800,3,-,0.8,0,24,D
Auckland Aero,20161005,800,11.8,-,0,7.2,24,D
Auckland Aero,20161006,800,0.6,-,3.2,0,24,D
Auckland Aero,20161007,800,6.8,-,0.2,0,24,D
Auckland Aero,20161008,800,2,-,2,0,24,D
Auckland Aero,20161009,800,0,-,5.8,0,24,D
Auckland Aero,20161010,800,1.4,-,8.2,0,24,D
Auckland Aero,20161011,800,1.4,-,10.6,0,24,D
Auckland Aero,20161012,800,1.2,-,13.2,0,24,D
Auckland Aero,20161013,800,0,-,17,0,24,D
Auckland Aero,20161014,800,0,-,20.8,0,24,D
Auckland Aero,20161015,800,5.2,-,19.4,0,24,D
Auckland Aero,20161016,800,3.4,-,19.8,0,24,D
Auckland Aero,20161017,800,0,-,23.6,0,24,D
Auckland Aero,20161018,800,0,-,27.4,0,24,D
Auckland Aero,20161019,800,0,-,31.2,0,24,D
Auckland Aero,20161020,800,0,-,35,0,24,D
Auckland Aero,20161021,800,1.6,-,37.2,0,24,D
Auckland Aero,20161022,800,0.4,-,40.6,0,24,D
Auckland Aero,20161023,800,0,-,44.4,0,24,D
Auckland Aero,20161024,800,0,-,48.2,0,24,D
Auckland Aero,20161025,800,1.2,-,50.8,0,24,D
Auckland Aero,20161026,800,10.2,-,44.4,0,24,D
Auckland Aero,20161027,800,0.8,-,47.4,0,24,D
Auckland Aero,20161028,800,0,-,51.2,0,24,D
Auckland Aero,20161029,800,4.4,-,50.6,0,24,D
Auckland Aero,20161030,800,0,-,54.4,0,24,D
Auckland Aero,20161031,800,0,-,58.2,0,24,D
Auckland Aero,20161101,800,0,-,62,0,24,D
Auckland Aero,20161102,800,0.2,-,66.7,0,24,D
Auckland Aero,20161103,800,0.2,-,71.5,0,24,D
Auckland Aero,20161104,800,2.6,-,73.8,0,24,D
Auckland Aero,20161105,800,1.4,-,77.3,0,24,D
Auckland Aero,20161106,800,1.6,-,80.5,0,24,D
Auckland Aero,20161107,800,12.8,-,72.2,0,24,D
Auckland Aero,20161108,800,17.2,-,60,0,24,D
Auckland Aero,20161109,800,0,-,64.9,0,24,D
Auckland Aero,20161110,800,0,-,69.8,0,24,D
Auckland Aero,20161111,800,0,-,74.8,0,24,D
Auckland Aero,20161112,800,2.4,-,77.3,0,24,D
Auckland Aero,20161113,800,0.4,-,81.7,0,24,D
Auckland Aero,20161114,800,0,-,86.1,0,24,D
Auckland Aero,20161115,800,1.4,-,88.9,0,24,D
Auckland Aero,20161116,800,9.2,-,83.8,0,24,D
Auckland Aero,20161117,800,11.2,-,76.9,0,24,D
Auckland Aero,20161118,800,6.6,-,75.1,0,24,D
Auckland Aero,20161119,800,0,-,80,0,24,D
Auckland Aero,20161120,800,0.2,-,84.4,0,24,D
Auckland Aero,20161121,800,0,-,88.7,0,24,D
Auckland Aero,20161122,800,0,-,92.8,0,24,D
Auckland Aero,20161123,800,0,-,96.5,0,24,D
Auckland Aero,20161124,800,0,-,100,0,24,D
Auckland Aero,20161125,800,0,-,103.3,0,24,D
Auckland Aero,20161126,800,8.6,-,97.8,0,24,D
Auckland Aero,20161127,800,0.4,-,100.8,0,24,D
Auckland Aero,20161128,800,4.2,-,99.8,0,24,D
Auckland Aero,20161129,800,0.2,-,102.9,0,24,D
Auckland Aero,20161130,800,0,-,106,0,24,D
Auckland Aero,20161201,800,0,-,108.9,0,24,D
Auckland Aero,20161202,800,0,-,111.9,0,24,D
Auckland Aero,20161203,800,0,-,114.6,0,24,D
Auckland Aero,20161204,800,0,-,117.2,0,24,D
Auckland Aero,20161205,800,0,-,119.6,0,24,D
Auckland Aero,20161206,800,0,-,121.8,0,24,D
Auckland Aero,20161207,800,0,-,123.9,0,24,D
Auckland Aero,20161208,800,5.6,-,120.2,0,24,D
Auckland Aero,20161209,800,1.6,-,120.7,0,24,D
Auckland Aero,20161210,800,0,-,122.8,0,24,D
Auckland Aero,20161211,800,9.2,-,115.6,0,24,D
Auckland Aero,20161212,800,2.4,-,115.7,0,24,D
Auckland Aero,20161213,800,0.6,-,117.6,0,24,D
Auckland Aero,20161214,800,0,-,120,0,24,D
Auckland Aero,20161215,800,0,-,122.1,0,24,D
Auckland Aero,20161216,800,0.2,-,124,0,24,D
Auckland Aero,20161217,800,0,-,125.9,0,24,D
Auckland Aero,20161218,800,0,-,127.6,0,24,D
Auckland Aero,20161219,800,0,-,129.2,0,24,D
Auckland Aero,20161220,800,1.6,-,129.1,0,24,D
Auckland Aero,20161221,800,0,-,130.7,0,24,D
Auckland Aero,20161222,800,0,-,132.1,0,24,D
Auckland Aero,20161223,800,9.8,-,123.6,0,24,D
Auckland Aero,20161224,800,1.8,-,123.7,0,24,D
Auckland Aero,20161225,800,0,-,125.6,0,24,D
Auckland Aero,20161226,800,0,-,127.4,0,24,D
Auckland Aero,20161227,800,0,-,129,0,24,D
Auckland Aero,20161228,800,0,-,130.5,0,24,D
Auckland Aero,20161229,800,0,-,132,0,24,D
Auckland Aero,20161230,800,0,-,133.3,0,24,D
Auckland Aero,20161231,800,0,-,134.5,0,24,D
Auckland Aero,20170101,800,0,-,135.6,0,24,D
Auckland Aero,20170102,800,0,-,136.7,0,24,D
Auckland Aero,20170103,800,1.8,-,136,0,24,D
Auckland Aero,20170104,800,1.8,-,135.3,0,24,D
Auckland Aero,20170105,800,0.2,-,136.2,0,24,D
Auckland Aero,20170106,800,0,-,137.3,0,24,D
Auckland Aero,20170107,800,0,-,138.3,0,24,D
Auckland Aero,20170108,800,0,-,139.2,0,24,D
Auckland Aero,20170109,800,0,-,140,0,24,D
Auckland Aero,20170110,800,0,-,140.8,0,24,D
Auckland Aero,20170111,800,0,-,141.5,0,24,D
Auckland Aero,20170112,800,0,-,142.2,0,24,D
Auckland Aero,20170113,800,0,-,142.8,0,24,D
Auckland Aero,20170114,800,1.6,-,141.8,0,24,D
Auckland Aero,20170115,800,0,-,142.4,0,24,D
Auckland Aero,20170116,800,0,-,143,0,24,D
Auckland Aero,20170117,800,0,-,143.5,0,24,D
Auckland Aero,20170118,800,0,-,144,0,24,D
Auckland Aero,20170119,800,0,-,144.5,0,24,D
Auckland Aero,20170120,800,7.8,-,137.1,0,24,D
Auckland Aero,20170121,800,1,-,137.1,0,24,D
Auckland Aero,20170122,800,18.2,-,119.9,0,24,D
Auckland Aero,20170123,800,1.2,-,121.1,0,24,D
Auckland Aero,20170124,800,0,-,123.3,0,24,D
Auckland Aero,20170125,800,0,-,125.4,0,24,D
Auckland Aero,20170126,800,1,-,126.3,0,24,D
Auckland Aero,20170127,800,0,-,128.2,0,24,D
Auckland Aero,20170128,800,0,-,129.9,0,24,D
Auckland Aero,20170129,800,0,-,131.4,0,24,D
Auckland Aero,20170130,800,0,-,132.9,0,24,D
Auckland Aero,20170131,800,0,-,134.2,0,24,D
Auckland Aero,20170201,800,0,-,135.4,0,24,D
Auckland Aero,20170202,800,0,-,136.3,0,24,D
Auckland Aero,20170203,800,0.4,-,136.7,0,24,D
Auckland Aero,20170204,800,0,-,137.5,0,24,D
Auckland Aero,20170205,800,0,-,138.2,0,24,D
Auckland Aero,20170206,800,0,-,138.9,0,24,D
Auckland Aero,20170207,800,0,-,139.6,0,24,D
Auckland Aero,20170208,800,0,-,140.2,0,24,D
Auckland Aero,20170209,800,0.8,-,140,0,24,D
Auckland Aero,20170210,800,0.6,-,140,0,24,D
Auckland Aero,20170211,800,0,-,140.6,0,24,D
Auckland Aero,20170212,800,0,-,141.1,0,24,D
Auckland Aero,20170213,800,0.4,-,141.2,0,24,D
Auckland Aero,20170214,800,1.2,-,140.6,0,24,D
Auckland Aero,20170215,800,2.8,-,138.3,0,24,D
Auckland Aero,20170216,800,6,-,133,0,24,D
Auckland Aero,20170217,800,40.8,-,93.2,0,24,D
Auckland Aero,20170218,800,6,-,90.6,0,24,D
Auckland Aero,20170219,800,0.6,-,93.5,0,24,D
Auckland Aero,20170220,800,0.2,-,96.6,0,24,D
Auckland Aero,20170221,800,0,-,99.8,0,24,D
Auckland Aero,20170222,800,0,-,102.7,0,24,D
Auckland Aero,20170223,800,0,-,105.5,0,24,D
Auckland Aero,20170224,800,0,-,108.1,0,24,D
Auckland Aero,20170225,800,0,-,110.6,0,24,D
Auckland Aero,20170226,800,0,-,112.9,0,24,D
Auckland Aero,20170227,800,0,-,115.1,0,24,D
Auckland Aero,20170228,800,0,-,117.2,0,24,D
Auckland Aero,20170301,800,0.6,-,118.5,0,24,D
Auckland Aero,20170302,800,0,-,120,0,24,D
Auckland Aero,20170303,800,0,-,121.4,0,24,D
Auckland Aero,20170304,800,0,-,122.7,0,24,D
Auckland Aero,20170305,800,0,-,124,0,24,D
Auckland Aero,20170306,800,0,-,125.2,0,24,D
Auckland Aero,20170307,800,0,-,126.3,0,24,D
Auckland Aero,20170308,800,44.8,-,82.6,0,24,D
Auckland Aero,20170309,800,5.2,-,80.5,0,24,D
Auckland Aero,20170310,800,0,-,83.8,0,24,D
Auckland Aero,20170311,800,70,-,16.8,0,24,D
Auckland Aero,20170312,800,4.8,-,15.5,0,24,D
Auckland Aero,20170313,800,21,-,0,2,24,D
Auckland Aero,20170314,800,0,-,3.5,0,24,D
Auckland Aero,20170315,800,1.4,-,5.5,0,24,D
Auckland Aero,20170316,800,0,-,9,0,24,D
Auckland Aero,20170317,800,0,-,12.5,0,24,D
Auckland Aero,20170318,800,0,-,16,0,24,D
Auckland Aero,20170319,800,0,-,19.4,0,24,D
Auckland Aero,20170320,800,0,-,22.9,0,24,D
Auckland Aero,20170321,800,0,-,26.4,0,24,D
Auckland Aero,20170322,800,0,-,29.8,0,24,D
Auckland Aero,20170323,800,0,-,33.3,0,24,D
Auckland Aero,20170324,800,0.6,-,36.2,0,24,D
Auckland Aero,20170325,800,0,-,39.7,0,24,D
Auckland Aero,20170326,800,0,-,43.1,0,24,D
Auckland Aero,20170327,800,43.8,-,2.8,0,24,D
Auckland Aero,20170328,800,14.4,-,0,8.1,24,D
Auckland Aero,20170329,800,40.2,-,0,36.7,24,D
Auckland Aero,20170330,800,14.6,-,0,11.1,24,D
Auckland Aero,20170331,800,0,-,3.5,0,24,D
Auckland Aero,20170401,800,0,-,7,0,24,D
Auckland Aero,20170402,900,0.2,-,8.8,0,24,D
Auckland Aero,20170403,900,0.2,-,10.7,0,24,D
Auckland Aero,20170404,900,2.4,-,10.3,0,24,D
Auckland Aero,20170405,900,78.2,-,0,65.9,24,D
Auckland Aero,20170406,900,12.4,-,0,10.4,24,D
Auckland Aero,20170407,900,2,-,0,0,24,D
Auckland Aero,20170408,900,0,-,2.1,0,24,D
Auckland Aero,20170409,900,0,-,4.1,0,24,D
Auckland Aero,20170410,900,0,-,6.2,0,24,D
Auckland Aero,20170411,900,0,-,8.2,0,24,D
Auckland Aero,20170412,900,0.4,-,9.9,0,24,D
Auckland Aero,20170413,900,41.8,-,0,29.9,24,D
Auckland Aero,20170414,900,3.8,-,0,1.8,24,D
Auckland Aero,20170415,900,2.6,-,0,0.6,24,D
Auckland Aero,20170416,900,0,-,2,0,24,D
Auckland Aero,20170417,900,3.6,-,0.5,0,24,D
Auckland Aero,20170418,900,0,-,2.5,0,24,D
Auckland Aero,20170419,900,0,-,4.6,0,24,D
Auckland Aero,20170420,900,0.6,-,6,0,24,D
Auckland Aero,20170421,900,0,-,8.1,0,24,D
Auckland Aero,20170422,900,0,-,10.1,0,24,D
Auckland Aero,20170423,900,0,-,12.1,0,24,D
Auckland Aero,20170424,900,0,-,14.2,0,24,D
Auckland Aero,20170425,900,0,-,16.2,0,24,D
Auckland Aero,20170426,900,0,-,18.3,0,24,D
Auckland Aero,20170427,900,0,-,20.3,0,24,D
Auckland Aero,20170428,900,0,-,22.4,0,24,D
Auckland Aero,20170429,900,0.4,-,24,0,24,D
Auckland Aero,20170430,900,24.6,-,1.4,0,24,D
Auckland Aero,20170501,900,4.8,-,0,1.4,24,D
Auckland Aero,20170502,900,0,-,1.3,0,24,D
Auckland Aero,20170503,900,0,-,2.6,0,24,D
Auckland Aero,20170504,900,5,-,0,1,24,D
Auckland Aero,20170505,900,0.4,-,0.9,0,24,D
Auckland Aero,20170506,900,0,-,2.2,0,24,D
Auckland Aero,20170507,900,0,-,3.6,0,24,D
Auckland Aero,20170508,900,0,-,4.9,0,24,D
Auckland Aero,20170509,900,0,-,6.2,0,24,D
Auckland Aero,20170510,900,0,-,7.5,0,24,D
Auckland Aero,20170511,900,0.6,-,8.2,0,24,D
Auckland Aero,20170512,900,55,-,0,45.4,24,D
Auckland Aero,20170513,900,8.2,-,0,6.9,24,D
Auckland Aero,20170514,900,0,-,1.3,0,24,D
Auckland Aero,20170515,900,0.2,-,2.4,0,24,D
Auckland Aero,20170516,900,0.2,-,3.6,0,24,D
Auckland Aero,20170517,900,15.4,-,0,10.5,24,D
Auckland Aero,20170518,900,9,-,0,7.7,24,D
Auckland Aero,20170519,900,0.8,-,0.5,0,24,D
Auckland Aero,20170520,900,0.6,-,1.2,0,24,D
Auckland Aero,20170521,900,5.4,-,0,2.8,24,D
Auckland Aero,20170522,900,0,-,1.3,0,24,D
Auckland Aero,20170523,900,0,-,2.6,0,24,D
Auckland Aero,20170524,900,0.2,-,3.8,0,24,D
Auckland Aero,20170525,900,1.6,-,3.5,0,24,D
Auckland Aero,20170526,900,0,-,4.8,0,24,D
Auckland Aero,20170527,900,3.8,-,2.3,0,24,D
Auckland Aero,20170528,900,0.4,-,3.2,0,24,D
Auckland Aero,20170529,900,0,-,4.6,0,24,D
Auckland Aero,20170530,900,0,-,5.9,0,24,D
Auckland Aero,20170531,900,0.8,-,6.4,0,24,D
Auckland Aero,20170601,900,0.2,-,7.5,0,24,D
Auckland Aero,20170602,900,2.2,-,6.2,0,24,D
Auckland Aero,20170603,900,10.4,-,0,3.3,24,D
Auckland Aero,20170604,900,0,-,0.9,0,24,D
Auckland Aero,20170605,900,0,-,1.8,0,24,D
Auckland Aero,20170606,900,0.8,-,1.9,0,24,D
Auckland Aero,20170607,900,9.2,-,0,6.4,24,D
Auckland Aero,20170608,900,1.2,-,0,0.3,24,D
Auckland Aero,20170609,900,0,-,0.9,0,24,D
Auckland Aero,20170610,900,0.2,-,1.6,0,24,D
Auckland Aero,20170611,900,1.6,-,0.9,0,24,D
Auckland Aero,20170612,900,0.8,-,1,0,24,D
Auckland Aero,20170613,900,1.4,-,0.6,0,24,D
Auckland Aero,20170614,900,1,-,0.5,0,24,D
Auckland Aero,20170615,900,0,-,1.4,0,24,D
Auckland Aero,20170616,900,0,-,2.3,0,24,D
Auckland Aero,20170617,900,2.6,-,0.6,0,24,D
Auckland Aero,20170618,900,0.2,-,1.3,0,24,D
Auckland Aero,20170619,900,0.2,-,2,0,24,D
Auckland Aero,20170620,900,0,-,2.9,0,24,D
Auckland Aero,20170621,900,0,-,3.8,0,24,D
Auckland Aero,20170622,900,3,-,1.7,0,24,D
Auckland Aero,20170623,900,3.4,-,0,0.8,24,D
Auckland Aero,20170624,900,3.6,-,0,2.7,24,D
Auckland Aero,20170625,900,1.2,-,0,0.3,24,D
Auckland Aero,20170626,900,3.6,-,0,2.7,24,D
Auckland Aero,20170627,900,0,-,0.9,0,24,D
Auckland Aero,20170628,900,0,-,1.8,0,24,D
Auckland Aero,20170629,900,0,-,2.7,0,24,D
Auckland Aero,20170630,900,0.2,-,3.4,0,24,D
Auckland Aero,20170701,900,0.8,-,3.5,0,24,D
Auckland Aero,20170702,900,19.6,-,0,15.2,24,D
Auckland Aero,20170703,900,6.6,-,0,5.7,24,D
Auckland Aero,20170704,900,6.2,-,0,5.3,24,D
Auckland Aero,20170705,900,3,-,0,2.1,24,D
Auckland Aero,20170706,900,7.4,-,0,6.5,24,D
Auckland Aero,20170707,900,30.2,-,0,29.3,24,D
Auckland Aero,20170708,900,1,-,0,0.1,24,D
Auckland Aero,20170709,900,8.6,-,0,7.7,24,D
Auckland Aero,20170710,900,1.6,-,0,0.7,24,D
Auckland Aero,20170711,900,4.8,-,0,3.9,24,D
Auckland Aero,20170712,900,8.8,-,0,7.9,24,D
Auckland Aero,20170713,900,2,-,0,1.1,24,D
Auckland Aero,20170714,900,6.4,-,0,5.5,24,D
Auckland Aero,20170715,900,1.4,-,0,0.5,24,D
Auckland Aero,20170716,900,0,-,0.9,0,24,D
Auckland Aero,20170717,900,0,-,1.8,0,24,D
Auckland Aero,20170718,900,0,-,2.6,0,24,D
Auckland Aero,20170719,900,0.2,-,3.3,0,24,D
Auckland Aero,20170720,900,0,-,4.2,0,24,D
Auckland Aero,20170721,900,21.4,-,0,16.3,24,D
Auckland Aero,20170722,900,23.4,-,0,22.5,24,D
Auckland Aero,20170723,900,7.2,-,0,6.3,24,D
Auckland Aero,20170724,900,2,-,0,1.1,24,D
Auckland Aero,20170725,900,0.6,-,0.3,0,24,D
Auckland Aero,20170726,900,2.4,-,0,1.2,24,D
Auckland Aero,20170727,900,0,-,0.9,0,24,D
Auckland Aero,20170728,900,12.8,-,0,11,24,D
Auckland Aero,20170729,900,0.4,-,0.5,0,24,D
Auckland Aero,20170730,900,0,-,1.4,0,24,D
Auckland Aero,20170731,900,0,-,2.2,0,24,D
Auckland Aero,20170801,900,0,-,3.1,0,24,D
Auckland Aero,20170802,900,6.2,-,0,1.6,24,D
Auckland Aero,20170803,900,1.2,-,0.3,0,24,D
Auckland Aero,20170804,900,0,-,1.7,0,24,D
Auckland Aero,20170805,900,0,-,3.2,0,24,D
Auckland Aero,20170806,900,0.2,-,4.5,0,24,D
Auckland Aero,20170807,900,3.8,-,2.2,0,24,D
Auckland Aero,20170808,900,0,-,3.6,0,24,D
Auckland Aero,20170809,900,11.4,-,0,6.3,24,D
Auckland Aero,20170810,900,10.6,-,0,9.1,24,D
Auckland Aero,20170811,900,2.8,-,0,1.3,24,D
Auckland Aero,20170812,900,2.2,-,0,0.7,24,D
Auckland Aero,20170813,900,0,-,1.5,0,24,D
Auckland Aero,20170814,900,5.4,-,0,2.5,24,D
Auckland Aero,20170815,900,8.2,-,0,6.7,24,D
Auckland Aero,20170816,900,0.4,-,1.1,0,24,D
Auckland Aero,20170817,900,1.4,-,1.1,0,24,D
Auckland Aero,20170818,900,1.8,-,0.8,0,24,D
Auckland Aero,20170819,900,0.2,-,2.1,0,24,D
Auckland Aero,20170820,900,11,-,0,7.4,24,D
Auckland Aero,20170821,900,3,-,0,1.5,24,D
Auckland Aero,20170822,900,0,-,1.5,0,24,D
Auckland Aero,20170823,900,0,-,2.9,0,24,D
Auckland Aero,20170824,900,0,-,4.4,0,24,D
Auckland Aero,20170825,900,0,-,5.9,0,24,D
Auckland Aero,20170826,900,0,-,7.4,0,24,D
Auckland Aero,20170827,900,0,-,8.8,0,24,D
Auckland Aero,20170828,900,8.2,-,2.1,0,24,D
Auckland Aero,20170829,900,7,-,0,3.4,24,D
Auckland Aero,20170830,900,4.6,-,0,3.1,24,D
Auckland Aero,20170831,900,27.2,-,0,25.7,24,D
Auckland Aero,20170901,900,0,-,1.5,0,24,D
Auckland Aero,20170902,900,7.6,-,0,3.4,24,D
Auckland Aero,20170903,900,7.6,-,0,4.8,24,D
Auckland Aero,20170904,900,0,-,2.8,0,24,D
Auckland Aero,20170905,900,0.6,-,4.9,0,24,D
Auckland Aero,20170906,900,7,-,0.7,0,24,D
Auckland Aero,20170907,900,1.6,-,1.9,0,24,D
Auckland Aero,20170908,900,2.4,-,2.3,0,24,D
Auckland Aero,20170909,900,9,-,0,4,24,D
Auckland Aero,20170910,900,10.6,-,0,7.8,24,D
Auckland Aero,20170911,900,6,-,0,3.2,24,D
Auckland Aero,20170912,900,3.2,-,0,0.4,24,D
Auckland Aero,20170913,900,3.8,-,0,1,24,D
Auckland Aero,20170914,900,0,-,2.8,0,24,D
Auckland Aero,20170915,900,0,-,5.5,0,24,D
Auckland Aero,20170916,900,6.4,-,1.9,0,24,D
Auckland Aero,20170917,900,2.4,-,2.3,0,24,D
Auckland Aero,20170918,900,9.6,-,0,4.5,24,D
Auckland Aero,20170919,900,5.8,-,0,3,24,D
Auckland Aero,20170920,900,0,-,2.8,0,24,D
Auckland Aero,20170921,900,1.6,-,3.9,0,24,D
Auckland Aero,20170922,900,3.8,-,2.9,0,24,D
Auckland Aero,20170923,900,1,-,4.7,0,24,D
Auckland Aero,20170924,800,0,-,7.5,0,24,D
Auckland Aero,20170925,800,0,-,10.2,0,24,D
Auckland Aero,20170926,800,0,-,13,0,24,D
Auckland Aero,20170927,800,5.8,-,10,0,24,D
Auckland Aero,20170928,800,0,-,12.8,0,24,D
Auckland Aero,20170929,800,0.6,-,14.9,0,24,D
Auckland Aero,20170930,800,0,-,17.7,0,24,D
Auckland Aero,20171001,800,1.6,-,18.9,0,24,D
Auckland Aero,20171002,800,20.4,-,2,0,24,D
Auckland Aero,20171003,800,0.6,-,5,0,24,D
Auckland Aero,20171004,800,0,-,8.5,0,24,D
Auckland Aero,20171005,800,0,-,12.1,0,24,D
Auckland Aero,20171006,800,0,-,15.6,0,24,D
Auckland Aero,20171007,800,0,-,19.2,0,24,D
Auckland Aero,20171008,800,5.6,-,17.2,0,24,D
Auckland Aero,20171009,800,6,-,14.7,0,24,D
Auckland Aero,20171010,800,0,-,18.3,0,24,D
Auckland Aero,20171011,800,9.4,-,12.4,0,24,D
Auckland Aero,20171012,800,1.6,-,14.4,0,24,D
Auckland Aero,20171013,800,0,-,17.9,0,24,D
Auckland Aero,20171014,800,2.6,-,18.9,0,24,D
Auckland Aero,20171015,800,0.2,-,22.2,0,24,D
Auckland Aero,20171016,800,0,-,25.8,0,24,D
Auckland Aero,20171017,800,0,-,29.4,0,24,D
Auckland Aero,20171018,800,1.2,-,31.7,0,24,D
Auckland Aero,20171019,800,0,-,35.3,0,24,D
Auckland Aero,20171020,800,0,-,38.8,0,24,D
Auckland Aero,20171021,800,0,-,42.4,0,24,D
Auckland Aero,20171022,800,0.2,-,45.7,0,24,D
Auckland Aero,20171023,800,3.6,-,45.7,0,24,D
Auckland Aero,20171024,800,12,-,37.2,0,24,D
Auckland Aero,20171025,800,0.4,-,40.4,0,24,D
Auckland Aero,20171026,800,0,-,43.9,0,24,D
Auckland Aero,20171027,800,3.8,-,43.7,0,24,D
Auckland Aero,20171028,800,7.4,-,39.9,0,24,D
Auckland Aero,20171029,800,0.6,-,42.8,0,24,D
Auckland Aero,20171030,800,0.2,-,46.2,0,24,D
Auckland Aero,20171031,800,0,-,49.7,0,24,D
Auckland Aero,20171101,800,0,-,53.3,0,24,D
Auckland Aero,20171102,800,0,-,57.6,0,24,D
Auckland Aero,20171103,800,1.6,-,60.4,0,24,D
Auckland Aero,20171104,800,0.2,-,64.6,0,24,D
Auckland Aero,20171105,800,1.8,-,67.2,0,24,D
Auckland Aero,20171106,800,0,-,71.5,0,24,D
Auckland Aero,20171107,800,0,-,75.9,0,24,D
Auckland Aero,20171108,800,6.4,-,73.8,0,24,D
Auckland Aero,20171109,800,0.6,-,77.6,0,24,D
Auckland Aero,20171110,800,0,-,81.8,0,24,D
Auckland Aero,20171111,800,0,-,85.8,0,24,D
Auckland Aero,20171112,800,0,-,89.6,0,24,D
Auckland Aero,20171113,800,0,-,93.1,0,24,D
Auckland Aero,20171114,800,0,-,96.4,0,24,D
Auckland Aero,20171115,800,0,-,99.5,0,24,D
Auckland Aero,20171116,800,0,-,102.5,0,24,D
Auckland Aero,20171117,800,0,-,105.3,0,24,D
Auckland Aero,20171118,800,0,-,107.9,0,24,D
Auckland Aero,20171119,800,6.6,-,103.7,0,24,D
Auckland Aero,20171120,800,0.6,-,105.8,0,24,D
Auckland Aero,20171121,800,0,-,108.4,0,24,D
Auckland Aero,20171122,800,0,-,110.8,0,24,D
Auckland Aero,20171123,800,0,-,113.1,0,24,D
Auckland Aero,20171124,800,0,-,115.3,0,24,D
Auckland Aero,20171125,800,0,-,117.3,0,24,D
Auckland Aero,20171126,800,0,-,119.2,0,24,D
Auckland Aero,20171127,800,0,-,121,0,24,D
Auckland Aero,20171128,800,0,-,122.7,0,24,D
Auckland Aero,20171129,800,0,-,124.3,0,24,D
Auckland Aero,20171130,800,0,-,125.8,0,24,D
Auckland Aero,20171201,800,5.2,-,122,0,24,D
Auckland Aero,20171202,800,1,-,123.4,0,24,D
Auckland Aero,20171203,800,0,-,125.6,0,24,D
Auckland Aero,20171204,800,0,-,127.7,0,24,D
Auckland Aero,20171205,800,0,-,129.6,0,24,D
Auckland Aero,20171206,800,0,-,131.3,0,24,D
Auckland Aero,20171207,800,0,-,132.9,0,24,D
Auckland Aero,20171208,800,0,-,134.4,0,24,D
Auckland Aero,20171209,800,0,-,135.7,0,24,D
Auckland Aero,20171210,800,0,-,136.9,0,24,D
Auckland Aero,20171211,800,0,-,138,0,24,D
Auckland Aero,20171212,800,0,-,139,0,24,D
Auckland Aero,20171213,800,0,-,140,0,24,D
Auckland Aero,20171214,800,1.8,-,139,0,24,D
Auckland Aero,20171215,800,0,-,139.9,0,24,D
Auckland Aero,20171216,800,0,-,140.8,0,24,D
Auckland Aero,20171217,800,1.2,-,140.4,0,24,D
Auckland Aero,20171218,800,0,-,141.2,0,24,D
Auckland Aero,20171219,800,0.2,-,141.7,0,24,D
Auckland Aero,20171220,800,0,-,142.4,0,24,D
Auckland Aero,20171221,800,0,-,143.1,0,24,D
Auckland Aero,20171222,800,0,-,143.7,0,24,D
Auckland Aero,20171223,800,0,-,144.2,0,24,D
Auckland Aero,20171224,800,0,-,144.7,0,24,D
Auckland Aero,20171225,800,0,-,145.1,0,24,D
Auckland Aero,20171226,800,3.2,-,142.4,0,24,D
Auckland Aero,20171227,800,0,-,143,0,24,D
Auckland Aero,20171228,800,0.2,-,143.4,0,24,D
Auckland Aero,20171229,800,0,-,144,0,24,D
Auckland Aero,20171230,800,0,-,144.5,0,24,D
Auckland Aero,20171231,800,0,-,144.9,0,24,D
Auckland Aero,20180101,800,0,-,145.3,0,24,D
Auckland Aero,20180102,800,3,-,142.7,0,24,D
Auckland Aero,20180103,800,0,-,143.2,0,24,D
Auckland Aero,20180104,800,0,-,143.7,0,24,D
Auckland Aero,20180105,800,23.8,-,120.3,0,24,D
Auckland Aero,20180106,800,3.8,-,118.7,0,24,D
Auckland Aero,20180107,800,1.4,-,119.5,0,24,D
Auckland Aero,20180108,800,0,-,121.7,0,24,D
Auckland Aero,20180109,800,0,-,123.8,0,24,D
Auckland Aero,20180110,800,0,-,125.6,0,24,D
Auckland Aero,20180111,800,0,-,127.4,0,24,D
Auckland Aero,20180112,800,0,-,129,0,24,D
Auckland Aero,20180113,800,0,-,130.5,0,24,D
Auckland Aero,20180114,800,0,-,131.9,0,24,D
Auckland Aero,20180115,800,0,-,133.2,0,24,D
Auckland Aero,20180116,800,0,-,134.4,0,24,D
Auckland Aero,20180117,800,0,-,135.6,0,24,D
Auckland Aero,20180118,800,7.8,-,128.8,0,24,D
Auckland Aero,20180119,800,15.6,-,114.7,0,24,D
Auckland Aero,20180120,800,0,-,117.3,0,24,D
Auckland Aero,20180121,800,0,-,119.6,0,24,D
Auckland Aero,20180122,800,4.4,-,117.4,0,24,D
Auckland Aero,20180123,800,1.4,-,118.3,0,24,D
Auckland Aero,20180124,800,0.4,-,120.2,0,24,D
Auckland Aero,20180125,800,0,-,122.4,0,24,D
Auckland Aero,20180126,800,0.6,-,123.8,0,24,D
Auckland Aero,20180127,800,0,-,125.6,0,24,D
Auckland Aero,20180128,800,3.4,-,124,0,24,D
Auckland Aero,20180129,800,0,-,125.9,0,24,D
Auckland Aero,20180130,800,0,-,127.6,0,24,D
Auckland Aero,20180131,800,0,-,129.2,0,24,D
Auckland Aero,20180201,800,0,-,130.7,0,24,D
Auckland Aero,20180202,800,31.8,-,99.9,0,24,D
Auckland Aero,20180203,800,0.4,-,102.2,0,24,D
Auckland Aero,20180204,800,15.2,-,89.5,0,24,D
Auckland Aero,20180205,800,4.4,-,88.3,0,24,D
Auckland Aero,20180206,800,2.4,-,89.1,0,24,D
Auckland Aero,20180207,800,0,-,92.3,0,24,D
Auckland Aero,20180208,800,0,-,95.4,0,24,D
Auckland Aero,20180209,800,9.4,-,88.8,0,24,D
Auckland Aero,20180210,800,7.8,-,84.3,0,24,D
Auckland Aero,20180211,800,10.6,-,77.1,0,24,D
Auckland Aero,20180212,800,32.8,-,48.2,0,24,D
Auckland Aero,20180213,800,8.8,-,43.3,0,24,D
Auckland Aero,20180214,800,4.4,-,42.9,0,24,D
Auckland Aero,20180215,800,3,-,43.8,0,24,D
Auckland Aero,20180216,800,0,-,47.8,0,24,D
Auckland Aero,20180217,800,0,-,51.7,0,24,D
Auckland Aero,20180218,800,0,-,55.7,0,24,D
Auckland Aero,20180219,800,0,-,59.6,0,24,D
Auckland Aero,20180220,800,2.6,-,61,0,24,D
Auckland Aero,20180221,800,6.2,-,58.7,0,24,D
Auckland Aero,20180222,800,4.4,-,58.3,0,24,D
Auckland Aero,20180223,800,1.6,-,60.6,0,24,D
Auckland Aero,20180224,800,0,-,64.6,0,24,D
Auckland Aero,20180225,800,0,-,68.5,0,24,D
Auckland Aero,20180226,800,0,-,72.5,0,24,D
Auckland Aero,20180227,800,0.6,-,75.8,0,24,D
Auckland Aero,20180228,800,2.4,-,77.3,0,24,D
Auckland Aero,20180301,800,0,-,81.1,0,24,D
Auckland Aero,20180302,800,0,-,84.3,0,24,D
Auckland Aero,20180303,800,1.4,-,86,0,24,D
Auckland Aero,20180304,800,0,-,89,0,24,D
Auckland Aero,20180305,800,0,-,91.9,0,24,D
Auckland Aero,20180306,800,0,-,94.6,0,24,D
Auckland Aero,20180307,800,0,-,97.2,0,24,D
Auckland Aero,20180308,800,0.8,-,98.8,0,24,D
Auckland Aero,20180309,800,2,-,99.2,0,24,D
Auckland Aero,20180310,800,0,-,101.6,0,24,D
Auckland Aero,20180311,800,0,-,103.8,0,24,D
Auckland Aero,20180312,800,0,-,106,0,24,D
Auckland Aero,20180313,800,11,-,97.1,0,24,D
Auckland Aero,20180314,800,2.2,-,97.3,0,24,D
Auckland Aero,20180315,800,0,-,99.8,0,24,D
Auckland Aero,20180316,800,0,-,102.1,0,24,D
Auckland Aero,20180317,800,0,-,104.4,0,24,D
Auckland Aero,20180318,800,0,-,106.5,0,24,D
Auckland Aero,20180319,800,0,-,108.5,0,24,D
Auckland Aero,20180320,800,0,-,110.5,0,24,D
Auckland Aero,20180321,800,0,-,112.3,0,24,D
Auckland Aero,20180322,800,17,-,97.1,0,24,D
Auckland Aero,20180323,800,0,-,99.6,0,24,D
Auckland Aero,20180324,800,13.8,-,88.1,0,24,D
Auckland Aero,20180325,800,4.6,-,86.4,0,24,D
Auckland Aero,20180326,800,0,-,89.4,0,24,D
Auckland Aero,20180327,800,0,-,92.2,0,24,D
Auckland Aero,20180328,800,0.2,-,94.7,0,24,D
Auckland Aero,20180329,800,0,-,97.3,0,24,D
Auckland Aero,20180330,800,1.4,-,98.3,0,24,D
Auckland Aero,20180331,800,0.2,-,100.6,0,24,D
Auckland Aero,20180401,900,1.8,-,101.1,0,24,D
Auckland Aero,20180402,900,0,-,102.7,0,24,D
Auckland Aero,20180403,900,0,-,104.1,0,24,D
Auckland Aero,20180404,900,0,-,105.6,0,24,D
Auckland Aero,20180405,900,0.8,-,106.2,0,24,D
Auckland Aero,20180406,900,0,-,107.6,0,24,D
Auckland Aero,20180407,900,0,-,108.9,0,24,D
Auckland Aero,20180408,900,1,-,109.2,0,24,D
Auckland Aero,20180409,900,0,-,110.5,0,24,D
Auckland Aero,20180410,900,34.4,-,77.3,0,24,D
Auckland Aero,20180411,900,10.8,-,68.8,0,24,D
Auckland Aero,20180412,900,2,-,69.2,0,24,D
Auckland Aero,20180413,900,3.8,-,67.8,0,24,D
Auckland Aero,20180414,900,52.4,-,17.7,0,24,D
Auckland Aero,20180415,900,11.8,-,8.3,0,24,D
Auckland Aero,20180416,900,6.8,-,3.9,0,24,D
Auckland Aero,20180417,900,0.8,-,5.4,0,24,D
Auckland Aero,20180418,900,4.6,-,3.2,0,24,D
Auckland Aero,20180419,900,0.6,-,5,0,24,D
Auckland Aero,20180420,900,0,-,7.3,0,24,D
Auckland Aero,20180421,900,1.8,-,7.9,0,24,D
Auckland Aero,20180422,900,1.6,-,8.7,0,24,D
Auckland Aero,20180423,900,0,-,11,0,24,D
Auckland Aero,20180424,900,0.4,-,13,0,24,D
Auckland Aero,20180425,900,0.2,-,15.2,0,24,D
Auckland Aero,20180426,900,0,-,17.5,0,24,D
Auckland Aero,20180427,900,0,-,19.9,0,24,D
Auckland Aero,20180428,900,0.8,-,21.5,0,24,D
Auckland Aero,20180429,900,15.4,-,8.4,0,24,D
Auckland Aero,20180430,900,0.2,-,10.6,0,24,D
Auckland Aero,20180501,900,6.8,-,6.2,0,24,D
Auckland Aero,20180502,900,0,-,7.7,0,24,D
Auckland Aero,20180503,900,0,-,9.2,0,24,D
Auckland Aero,20180504,900,0,-,10.6,0,24,D
Auckland Aero,20180505,900,0,-,12.1,0,24,D
Auckland Aero,20180506,900,2.4,-,11.2,0,24,D
Auckland Aero,20180507,900,0.8,-,11.9,0,24,D
Auckland Aero,20180508,900,0,-,13.4,0,24,D
Auckland Aero,20180509,900,0.2,-,14.7,0,24,D
Auckland Aero,20180510,900,0,-,16.2,0,24,D
Auckland Aero,20180511,900,0,-,17.7,0,24,D
Auckland Aero,20180512,900,2.4,-,16.8,0,24,D
Auckland Aero,20180513,900,12.4,-,5.9,0,24,D
Auckland Aero,20180514,900,0.6,-,6.7,0,24,D
Auckland Aero,20180515,900,0.2,-,8,0,24,D
Auckland Aero,20180516,900,0,-,9.5,0,24,D
Auckland Aero,20180517,900,8.8,-,2.2,0,24,D
Auckland Aero,20180518,900,1,-,2.7,0,24,D
Auckland Aero,20180519,900,0,-,4.2,0,24,D
Auckland Aero,20180520,900,5.4,-,0.3,0,24,D
Auckland Aero,20180521,900,5,-,0,3.2,24,D
Auckland Aero,20180522,900,7.2,-,0,5.7,24,D
Auckland Aero,20180523,900,14,-,0,12.5,24,D
Auckland Aero,20180524,900,9,-,0,7.5,24,D
Auckland Aero,20180525,900,12,-,0,10.5,24,D
Auckland Aero,20180526,900,7.8,-,0,6.3,24,D
Auckland Aero,20180527,900,3,-,0,1.5,24,D
Auckland Aero,20180528,900,5.2,-,0,3.7,24,D
Auckland Aero,20180529,900,0,-,1.5,0,24,D
Auckland Aero,20180530,900,0,-,3,0,24,D
Auckland Aero,20180531,900,0,-,4.5,0,24,D
Auckland Aero,20180601,900,0,-,6,0,24,D
Auckland Aero,20180602,900,0,-,6.8,0,24,D
Auckland Aero,20180603,900,3.4,-,4.3,0,24,D
Auckland Aero,20180604,900,28.6,-,0,23.5,24,D
Auckland Aero,20180605,900,24.2,-,0,23.4,24,D
Auckland Aero,20180606,900,0.6,-,0.2,0,24,D
Auckland Aero,20180607,900,4.8,-,0,3.7,24,D
Auckland Aero,20180608,900,0,-,0.8,0,24,D
Auckland Aero,20180609,900,0,-,1.7,0,24,D
Auckland Aero,20180610,900,0.2,-,2.3,0,24,D
Auckland Aero,20180611,900,0,-,3.2,0,24,D
Auckland Aero,20180612,900,43,-,0,39,24,D
Auckland Aero,20180613,900,1.4,-,0,0.6,24,D
Auckland Aero,20180614,900,2.2,-,0,1.4,24,D
Auckland Aero,20180615,900,0,-,0.8,0,24,D
Auckland Aero,20180616,900,4.6,-,0,2.9,24,D
Auckland Aero,20180617,900,5.8,-,0,5,24,D
Auckland Aero,20180618,900,0,-,0.8,0,24,D
Auckland Aero,20180619,900,3,-,0,1.3,24,D
Auckland Aero,20180620,900,11.4,-,0,10.6,24,D
Auckland Aero,20180621,900,5.2,-,0,4.4,24,D
Auckland Aero,20180622,900,0.2,-,0.6,0,24,D
Auckland Aero,20180623,900,0,-,1.5,0,24,D
Auckland Aero,20180624,900,0.8,-,1.5,0,24,D
Auckland Aero,20180625,900,29.4,-,0,27,24,D
Auckland Aero,20180626,900,12,-,0,11.2,24,D
Auckland Aero,20180627,900,11.2,-,0,10.4,24,D
Auckland Aero,20180628,900,0.6,-,0.2,0,24,D
Auckland Aero,20180629,900,2,-,0,0.9,24,D
Auckland Aero,20180630,900,0,-,0.8,0,24,D
Auckland Aero,20180701,900,0.2,-,1.4,0,24,D
Auckland Aero,20180702,900,7.4,-,0,5.1,24,D
Auckland Aero,20180703,900,4.2,-,0,3.3,24,D
Auckland Aero,20180704,900,0,-,0.9,0,24,D
Auckland Aero,20180705,900,0,-,1.8,0,24,D
Auckland Aero,20180706,900,0,-,2.7,0,24,D
Auckland Aero,20180707,900,0,-,3.6,0,24,D
Auckland Aero,20180708,900,0,-,4.5,0,24,D
Auckland Aero,20180709,900,5.2,-,0.2,0,24,D
Auckland Aero,20180710,900,5,-,0,3.9,24,D
Auckland Aero,20180711,900,5.2,-,0,4.3,24,D
Auckland Aero,20180712,900,1.4,-,0,0.5,24,D
Auckland Aero,20180713,900,0,-,0.9,0,24,D
Auckland Aero,20180714,900,0.2,-,1.6,0,24,D
Auckland Aero,20180715,900,28.2,-,0,25.7,24,D
Auckland Aero,20180716,900,40.6,-,0,39.7,24,D
Auckland Aero,20180717,900,2.2,-,0,1.3,24,D
Auckland Aero,20180718,900,0,-,0.9,0,24,D
Auckland Aero,20180719,900,0.8,-,1,0,24,D
Auckland Aero,20180720,900,2.2,-,0,0.3,24,D
Auckland Aero,20180721,900,1,-,0,0.1,24,D
Auckland Aero,20180722,900,4.8,-,0,3.9,24,D
Auckland Aero,20180723,900,7,-,0,6.1,24,D
Auckland Aero,20180724,900,0.2,-,0.7,0,24,D
Auckland Aero,20180725,900,0.2,-,1.4,0,24,D
Auckland Aero,20180726,900,2,-,0.3,0,24,D
Auckland Aero,20180727,900,0,-,1.2,0,24,D
Auckland Aero,20180728,900,3.6,-,0,1.5,24,D
Auckland Aero,20180729,900,1.4,-,0,0.5,24,D
Auckland Aero,20180730,900,1.2,-,0,0.3,24,D
Auckland Aero,20180731,900,0.2,-,0.7,0,24,D
Auckland Aero,20180801,900,0,-,1.6,0,24,D
Auckland Aero,20180802,900,1.8,-,1.2,0,24,D
Auckland Aero,20180803,900,4,-,0,1.4,24,D
Auckland Aero,20180804,900,0.2,-,1.2,0,24,D
Auckland Aero,20180805,900,0.6,-,2,0,24,D
Auckland Aero,20180806,900,1,-,2.4,0,24,D
Auckland Aero,20180807,900,0.2,-,3.5,0,24,D
Auckland Aero,20180808,900,0,-,4.9,0,24,D
Auckland Aero,20180809,900,8.2,-,0,1.9,24,D
Auckland Aero,20180810,900,0,-,1.4,0,24,D
Auckland Aero,20180811,900,0.2,-,2.6,0,24,D
Auckland Aero,20180812,900,0,-,4,0,24,D
Auckland Aero,20180813,900,0,-,5.3,0,24,D
Auckland Aero,20180814,900,8.2,-,0,1.5,24,D
Auckland Aero,20180815,900,7.4,-,0,6,24,D
Auckland Aero,20180816,900,1.6,-,0,0.2,24,D
Auckland Aero,20180817,900,5.2,-,0,3.8,24,D
Auckland Aero,20180818,900,6.6,-,0,5.2,24,D
Auckland Aero,20180819,900,0.4,-,1,0,24,D
Auckland Aero,20180820,900,0.4,-,2,0,24,D
Auckland Aero,20180821,900,4.8,-,0,1.4,24,D
Auckland Aero,20180822,900,5.8,-,0,4.4,24,D
Auckland Aero,20180823,900,13.6,-,0,12.2,24,D
Auckland Aero,20180824,900,3.8,-,0,2.4,24,D
Auckland Aero,20180825,900,1.6,-,0,0.2,24,D
Auckland Aero,20180826,900,0.6,-,0.8,0,24,D
Auckland Aero,20180827,900,0.2,-,2,0,24,D
Auckland Aero,20180828,900,0,-,3.4,0,24,D
Auckland Aero,20180829,900,20.6,-,0,15.9,24,D
Auckland Aero,20180830,900,12.2,-,0,10.8,24,D
Auckland Aero,20180831,900,0.2,-,1.2,0,24,D
Auckland Aero,20180901,900,5.6,-,0,3,24,D
Auckland Aero,20180902,900,8.4,-,0,5.9,24,D
Auckland Aero,20180903,900,7.2,-,0,4.7,24,D
Auckland Aero,20180904,900,6.8,-,0,4.3,24,D
Auckland Aero,20180905,900,0.2,-,2.4,0,24,D
Auckland Aero,20180906,900,1.2,-,3.7,0,24,D
Auckland Aero,20180907,900,1.2,-,5.1,0,24,D
Auckland Aero,20180908,900,0,-,7.6,0,24,D
Auckland Aero,20180909,900,0,-,10.2,0,24,D
Auckland Aero,20180910,900,0,-,12.7,0,24,D
Auckland Aero,20180911,900,0.4,-,14.9,0,24,D
Auckland Aero,20180912,900,0,-,17.4,0,24,D
Auckland Aero,20180913,900,0,-,20,0,24,D
Auckland Aero,20180914,900,0,-,22.5,0,24,D
Auckland Aero,20180915,900,0,-,25.1,0,24,D
Auckland Aero,20180916,900,0,-,27.6,0,24,D
Auckland Aero,20180917,900,0.8,-,29.4,0,24,D
Auckland Aero,20180918,900,0,-,31.9,0,24,D
Auckland Aero,20180919,900,8.2,-,26.3,0,24,D
Auckland Aero,20180920,900,0,-,28.8,0,24,D
Auckland Aero,20180921,900,0,-,31.4,0,24,D
Auckland Aero,20180922,900,1.6,-,32.3,0,24,D
Auckland Aero,20180923,900,0.2,-,34.7,0,24,D
Auckland Aero,20180924,900,0,-,37.2,0,24,D
Auckland Aero,20180925,900,3.2,-,36.6,0,24,D
Auckland Aero,20180926,900,4.2,-,34.9,0,24,D
Auckland Aero,20180927,900,1.4,-,36.1,0,24,D
Auckland Aero,20180928,900,1.2,-,37.4,0,24,D
Auckland Aero,20180929,900,0.2,-,39.8,0,24,D
Auckland Aero,20180930,800,0,-,42.3,0,24,D
Auckland Aero,20181001,800,0,-,44.9,0,24,D
Auckland Aero,20181002,800,4.2,-,44.1,0,24,D
Auckland Aero,20181003,800,1.4,-,46.2,0,24,D
Auckland Aero,20181004,800,0,-,49.6,0,24,D
Auckland Aero,20181005,800,0,-,53.1,0,24,D
Auckland Aero,20181006,800,0,-,56.5,0,24,D
Auckland Aero,20181007,800,0,-,60,0,24,D
Auckland Aero,20181008,800,0,-,63.4,0,24,D
Auckland Aero,20181009,800,0,-,66.9,0,24,D
Auckland Aero,20181010,800,0.5,-,69.8,0,24,D
Auckland Aero,20181011,800,0,-,73.3,0,24,D
Auckland Aero,20181012,800,18.6,-,58.1,0,24,D
Auckland Aero,20181013,800,0.6,-,61,0,24,D
Auckland Aero,20181014,800,0,-,64.4,0,24,D
Auckland Aero,20181015,800,0.2,-,67.7,0,24,D
Auckland Aero,20181016,800,0,-,71.1,0,24,D
Auckland Aero,20181017,800,0,-,74.6,0,24,D
Auckland Aero,20181018,800,1.2,-,76.8,0,24,D
Auckland Aero,20181019,800,0.8,-,79.4,0,24,D
Auckland Aero,20181020,800,0,-,82.6,0,24,D
Auckland Aero,20181021,800,0,-,85.7,0,24,D
Auckland Aero,20181022,800,0,-,88.7,0,24,D
Auckland Aero,20181023,800,0,-,91.5,0,24,D
Auckland Aero,20181024,800,0,-,94.2,0,24,D
Auckland Aero,20181025,800,0,-,96.8,0,24,D
Auckland Aero,20181026,800,3.6,-,95.6,0,24,D
Auckland Aero,20181027,800,0,-,98.1,0,24,D
Auckland Aero,20181028,800,18.4,-,82.1,0,24,D
Auckland Aero,20181029,800,0.8,-,84.4,0,24,D
Auckland Aero,20181030,800,16.4,-,71.1,0,24,D
Auckland Aero,20181031,800,8.2,-,66.3,0,24,D
Auckland Aero,20181101,800,2,-,67.8,0,24,D
Auckland Aero,20181102,800,1.4,-,70.5,0,24,D
Auckland Aero,20181103,800,0.2,-,74.4,0,24,D
Auckland Aero,20181104,800,3.2,-,75.4,0,24,D
Auckland Aero,20181105,800,0.8,-,78.7,0,24,D
Auckland Aero,20181106,800,0,-,82.6,0,24,D
Auckland Aero,20181107,800,0,-,86.3,0,24,D
Auckland Aero,20181108,800,0,-,89.8,0,24,D
Auckland Aero,20181109,800,0.4,-,92.8,0,24,D
Auckland Aero,20181110,800,5.2,-,90.7,0,24,D
Auckland Aero,20181111,800,0,-,94,0,24,D
Auckland Aero,20181112,800,17.4,-,79.7,0,24,D
Auckland Aero,20181113,800,0.2,-,83.4,0,24,D
Auckland Aero,20181114,800,0,-,87,0,24,D
Auckland Aero,20181115,800,0,-,90.5,0,24,D
Auckland Aero,20181116,800,0,-,93.8,0,24,D
Auckland Aero,20181117,800,0,-,96.9,0,24,D
Auckland Aero,20181118,800,0,-,99.8,0,24,D
Auckland Aero,20181119,800,7.2,-,95.4,0,24,D
Auckland Aero,20181120,800,0.6,-,97.8,0,24,D
Auckland Aero,20181121,800,10.2,-,90.5,0,24,D
Auckland Aero,20181122,800,9.6,-,84.2,0,24,D
Auckland Aero,20181123,800,0.6,-,87.2,0,24,D
Auckland Aero,20181124,800,8.2,-,82.5,0,24,D
Auckland Aero,20181125,800,6.4,-,79.8,0,24,D
Auckland Aero,20181126,800,20.2,-,63.5,0,24,D
Auckland Aero,20181127,800,3,-,64.6,0,24,D
Auckland Aero,20181128,800,3.2,-,65.5,0,24,D
Auckland Aero,20181129,800,0,-,69.7,0,24,D
Auckland Aero,20181130,800,0,-,73.8,0,24,D
Auckland Aero,20181201,800,0,-,77.9,0,24,D
Auckland Aero,20181202,800,1.6,-,81,0,24,D
Auckland Aero,20181203,800,3.4,-,82,0,24,D
Auckland Aero,20181204,800,22.4,-,64,0,24,D
Auckland Aero,20181205,800,7.8,-,61,0,24,D
Auckland Aero,20181206,800,11.6,-,54.3,0,24,D
Auckland Aero,20181207,800,1.8,-,57.3,0,24,D
Auckland Aero,20181208,800,0,-,62.1,0,24,D
Auckland Aero,20181209,800,0,-,67,0,24,D
Auckland Aero,20181210,800,0,-,71.8,0,24,D
Auckland Aero,20181211,800,0,-,76.6,0,24,D
Auckland Aero,20181212,800,0,-,81.4,0,24,D
Auckland Aero,20181213,800,0.2,-,85.6,0,24,D
Auckland Aero,20181214,800,0,-,89.7,0,24,D
Auckland Aero,20181215,800,3.8,-,89.8,0,24,D
Auckland Aero,20181216,800,0,-,93.7,0,24,D
Auckland Aero,20181217,800,0.6,-,96.7,0,24,D
Auckland Aero,20181218,800,0,-,100.2,0,24,D
Auckland Aero,20181219,800,0,-,103.4,0,24,D
Auckland Aero,20181220,800,18.8,-,87.6,0,24,D
Auckland Aero,20181221,800,22.2,-,69.4,0,24,D
Auckland Aero,20181222,800,1.6,-,72.6,0,24,D
Auckland Aero,20181223,800,0.2,-,77.3,0,24,D
Auckland Aero,20181224,800,41.2,-,40.7,0,24,D
Auckland Aero,20181225,800,44.8,-,0.8,0,24,D
Auckland Aero,20181226,800,24,-,0,18.4,24,D
Auckland Aero,20181227,800,0,-,4.8,0,24,D
Auckland Aero,20181228,800,0,-,9.7,0,24,D
Auckland Aero,20181229,800,0,-,14.5,0,24,D
Auckland Aero,20181230,800,0,-,19.3,0,24,D
Auckland Aero,20181231,800,0,-,24.2,0,24,D
Auckland Aero,20190101,800,0,-,29,0,24,D
Auckland Aero,20190102,800,0.2,-,34.6,0,24,D
Auckland Aero,20190103,800,0.2,-,40.1,0,24,D
Auckland Aero,20190104,800,0,-,45.8,0,24,D
Auckland Aero,20190105,800,0,-,51.5,0,24,D
Auckland Aero,20190106,800,0,-,57.2,0,24,D
Auckland Aero,20190107,800,0,-,62.9,0,24,D
Auckland Aero,20190108,800,0,-,68.7,0,24,D
Auckland Aero,20190109,800,0,-,74.4,0,24,D
Auckland Aero,20190110,800,0,-,80.1,0,24,D
Auckland Aero,20190111,800,0,-,85.4,0,24,D
Auckland Aero,20190112,800,0,-,90.4,0,24,D
Auckland Aero,20190113,800,0,-,94.9,0,24,D
Auckland Aero,20190114,800,4.2,-,94.9,0,24,D
Auckland Aero,20190115,800,23.2,-,75.9,0,24,D
Auckland Aero,20190116,800,0,-,81.6,0,24,D
Auckland Aero,20190117,800,0,-,86.8,0,24,D
Auckland Aero,20190118,800,0,-,91.6,0,24,D
Auckland Aero,20190119,800,0,-,96.1,0,24,D
Auckland Aero,20190120,800,0,-,100.2,0,24,D
Auckland Aero,20190121,800,0.4,-,103.6,0,24,D
Auckland Aero,20190122,800,0,-,107.1,0,24,D
Auckland Aero,20190123,800,0,-,110.4,0,24,D
Auckland Aero,20190124,800,0.8,-,112.6,0,24,D
Auckland Aero,20190125,800,1.8,-,113.7,0,24,D
Auckland Aero,20190126,800,0,-,116.4,0,24,D
Auckland Aero,20190127,800,0,-,119,0,24,D
Auckland Aero,20190128,800,0.6,-,120.8,0,24,D
Auckland Aero,20190129,800,0.2,-,122.8,0,24,D
Auckland Aero,20190130,800,0,-,124.9,0,24,D
Auckland Aero,20190131,800,0,-,126.8,0,24,D
Auckland Aero,20190201,800,0,-,128.5,0,24,D
Auckland Aero,20190202,800,0,-,130,0,24,D
Auckland Aero,20190203,800,0,-,131.3,0,24,D
Auckland Aero,20190204,800,0,-,132.6,0,24,D
Auckland Aero,20190205,800,0,-,133.7,0,24,D
Auckland Aero,20190206,800,0,-,134.8,0,24,D
Auckland Aero,20190207,800,1.2,-,134.6,0,24,D
Auckland Aero,20190208,800,0,-,135.7,0,24,D
Auckland Aero,20190209,800,0,-,136.6,0,24,D
Auckland Aero,20190210,800,0,-,137.5,0,24,D
Auckland Aero,20190211,800,0,-,138.4,0,24,D
Auckland Aero,20190212,800,0,-,139.1,0,24,D
Auckland Aero,20190213,800,0,-,139.9,0,24,D
Auckland Aero,20190214,800,0,-,140.5,0,24,D
Auckland Aero,20190215,800,0,-,141.2,0,24,D
Auckland Aero,20190216,800,0,-,141.8,0,24,D
Auckland Aero,20190217,800,0,-,142.3,0,24,D
Auckland Aero,20190218,800,1.6,-,141.2,0,24,D
Auckland Aero,20190219,800,0.2,-,141.6,0,24,D
Auckland Aero,20190220,800,0,-,142.2,0,24,D
Auckland Aero,20190221,800,0,-,142.7,0,24,D
Auckland Aero,20190222,800,1,-,142.2,0,24,D
Auckland Aero,20190223,800,13.4,-,129.3,0,24,D
Auckland Aero,20190224,800,2.4,-,128.3,0,24,D
Auckland Aero,20190225,800,0.6,-,129.1,0,24,D
Auckland Aero,20190226,800,0,-,130.5,0,24,D
Auckland Aero,20190227,800,0,-,131.8,0,24,D
Auckland Aero,20190228,800,0.2,-,132.9,0,24,D
Auckland Aero,20190301,800,0,-,134,0,24,D
Auckland Aero,20190302,800,0,-,134.8,0,24,D
Auckland Aero,20190303,800,0,-,135.5,0,24,D
Auckland Aero,20190304,800,0,-,136.2,0,24,D
Auckland Aero,20190305,800,0,-,136.8,0,24,D
Auckland Aero,20190306,800,0,-,137.4,0,24,D
Auckland Aero,20190307,800,0,-,138,0,24,D
Auckland Aero,20190308,800,3.4,-,135.2,0,24,D
Auckland Aero,20190309,800,24.2,-,111.7,0,24,D
Auckland Aero,20190310,800,2.6,-,110.9,0,24,D
Auckland Aero,20190311,800,0,-,112.7,0,24,D
Auckland Aero,20190312,800,0,-,114.4,0,24,D
Auckland Aero,20190313,800,0,-,116.1,0,24,D
Auckland Aero,20190314,800,0,-,117.7,0,24,D
Auckland Aero,20190315,800,0,-,119.2,0,24,D
Auckland Aero,20190316,800,0,-,120.6,0,24,D
Auckland Aero,20190317,800,0,-,122,0,24,D
Auckland Aero,20190318,800,0,-,123.3,0,24,D
Auckland Aero,20190319,800,2.6,-,122,0,24,D
Auckland Aero,20190320,800,0,-,123.3,0,24,D
Auckland Aero,20190321,800,0,-,124.5,0,24,D
Auckland Aero,20190322,800,0,-,125.7,0,24,D
Auckland Aero,20190323,800,0,-,126.9,0,24,D
Auckland Aero,20190324,800,0.2,-,127.7,0,24,D
Auckland Aero,20190325,800,0,-,128.8,0,24,D
Auckland Aero,20190326,800,0,-,129.8,0,24,D
Auckland Aero,20190327,800,0,-,130.7,0,24,D
Auckland Aero,20190328,800,6.6,-,125,0,24,D
Auckland Aero,20190329,800,1,-,125.2,0,24,D
Auckland Aero,20190330,800,0.2,-,126.1,0,24,D
Auckland Aero,20190331,800,0,-,127.3,0,24,D
Auckland Aero,20190401,800,12.4,-,116,0,24,D
Auckland Aero,20190402,800,10.4,-,106.6,0,24,D
Auckland Aero,20190403,800,0,-,107.9,0,24,D
Auckland Aero,20190404,800,0.2,-,109,0,24,D
Auckland Aero,20190405,800,0,-,110.3,0,24,D
Auckland Aero,20190406,800,11.4,-,100.1,0,24,D
Auckland Aero,20190407,900,0.8,-,100.9,0,24,D
Auckland Aero,20190408,900,0,-,102.4,0,24,D
Auckland Aero,20190409,900,0,-,103.8,0,24,D
Auckland Aero,20190410,900,0,-,105.2,0,24,D
Auckland Aero,20190411,900,0,-,106.6,0,24,D
Auckland Aero,20190412,900,12.8,-,95.2,0,24,D
Auckland Aero,20190413,900,6.8,-,90,0,24,D
Auckland Aero,20190414,900,0,-,91.9,0,24,D
Auckland Aero,20190415,900,0,-,93.7,0,24,D
Auckland Aero,20190416,900,0,-,95.4,0,24,D
Auckland Aero,20190417,900,0.2,-,96.9,0,24,D
Auckland Aero,20190418,900,0,-,98.5,0,24,D
Auckland Aero,20190419,900,0,-,100.1,0,24,D
Auckland Aero,20190420,900,0.2,-,101.4,0,24,D
Auckland Aero,20190421,900,0,-,102.9,0,24,D
Auckland Aero,20190422,900,1.8,-,102.6,0,24,D
Auckland Aero,20190423,900,12.4,-,91.6,0,24,D
Auckland Aero,20190424,900,0,-,93.4,0,24,D
Auckland Aero,20190425,900,0,-,95.2,0,24,D
Auckland Aero,20190426,900,0.2,-,96.7,0,24,D
Auckland Aero,20190427,900,0,-,98.3,0,24,D
Auckland Aero,20190428,900,0.2,-,99.7,0,24,D
Auckland Aero,20190429,900,1.6,-,99.6,0,24,D
Auckland Aero,20190430,900,8.2,-,93,0,24,D
Auckland Aero,20190501,900,0,-,94.7,0,24,D
Auckland Aero,20190502,900,0,-,95.7,0,24,D
Auckland Aero,20190503,900,0,-,96.7,0,24,D
Auckland Aero,20190504,900,0.2,-,97.5,0,24,D
Auckland Aero,20190505,900,0.2,-,98.2,0,24,D
Auckland Aero,20190506,900,0,-,99.2,0,24,D
Auckland Aero,20190507,900,0,-,100.1,0,24,D
Auckland Aero,20190508,900,0,-,101,0,24,D
Auckland Aero,20190509,900,0,-,101.9,0,24,D
Auckland Aero,20190510,900,3.6,-,99.1,0,24,D
Auckland Aero,20190511,900,0.2,-,99.9,0,24,D
Auckland Aero,20190512,900,0,-,100.8,0,24,D
Auckland Aero,20190513,900,11.6,-,90.1,0,24,D
Auckland Aero,20190514,900,0.2,-,90.9,0,24,D
Auckland Aero,20190515,900,0.4,-,91.6,0,24,D
Auckland Aero,20190516,900,2.8,-,89.9,0,24,D
Auckland Aero,20190517,900,1.4,-,89.5,0,24,D
Auckland Aero,20190518,900,0.2,-,90.4,0,24,D
Auckland Aero,20190519,900,1.8,-,89.7,0,24,D
Auckland Aero,20190520,900,0.6,-,90.2,0,24,D
Auckland Aero,20190521,900,0,-,91.3,0,24,D
Auckland Aero,20190522,900,0,-,92.3,0,24,D
Auckland Aero,20190523,900,0.8,-,92.6,0,24,D
Auckland Aero,20190524,900,0.2,-,93.4,0,24,D
Auckland Aero,20190525,900,0.4,-,94,0,24,D
Auckland Aero,20190526,900,0,-,95.1,0,24,D
Auckland Aero,20190527,900,0,-,96,0,24,D
Auckland Aero,20190528,900,0.6,-,96.4,0,24,D
Auckland Aero,20190529,900,9.6,-,87.8,0,24,D
Auckland Aero,20190530,900,0.2,-,88.7,0,24,D
Auckland Aero,20190531,900,10.2,-,79.6,0,24,D
Auckland Aero,20190601,900,18.2,-,62.7,0,24,D
Auckland Aero,20190602,900,11.4,-,52.2,0,24,D
Auckland Aero,20190603,900,0,-,53.1,0,24,D
Auckland Aero,20190604,900,0,-,54.1,0,24,D
Auckland Aero,20190605,900,0.8,-,54.2,0,24,D
Auckland Aero,20190606,900,33.4,-,21.7,0,24,D
Auckland Aero,20190607,900,10.2,-,12.5,0,24,D
Auckland Aero,20190608,900,3.2,-,10.2,0,24,D
Auckland Aero,20190609,900,0.6,-,10.5,0,24,D
Auckland Aero,20190610,900,0,-,11.4,0,24,D
Auckland Aero,20190611,900,0.2,-,12.2,0,24,D
Auckland Aero,20190612,900,0,-,13.1,0,24,D
Auckland Aero,20190613,900,0.2,-,13.8,0,24,D
Auckland Aero,20190614,900,0.2,-,14.6,0,24,D
Auckland Aero,20190615,900,0.2,-,15.3,0,24,D
Auckland Aero,20190616,900,5.4,-,10.8,0,24,D
Auckland Aero,20190617,900,2.4,-,9.4,0,24,D
Auckland Aero,20190618,900,1.8,-,8.5,0,24,D
Auckland Aero,20190619,900,0,-,9.4,0,24,D
Auckland Aero,20190620,900,0.2,-,10.1,0,24,D
Auckland Aero,20190621,900,6,-,5.1,0,24,D
Auckland Aero,20190622,900,0.4,-,5.6,0,24,D
Auckland Aero,20190623,900,2.4,-,4.1,0,24,D
Auckland Aero,20190624,900,5.6,-,0,0.5,24,D
Auckland Aero,20190625,900,0.2,-,0.7,0,24,D
Auckland Aero,20190626,900,0,-,1.7,0,24,D
Auckland Aero,20190627,900,0.2,-,2.4,0,24,D
Auckland Aero,20190628,900,0,-,3.3,0,24,D
Auckland Aero,20190629,900,0.2,-,4.1,0,24,D
Auckland Aero,20190630,900,0,-,5,0,24,D
Auckland Aero,20190701,900,0,-,5.9,0,24,D
Auckland Aero,20190702,900,0.6,-,6.3,0,24,D
Auckland Aero,20190703,900,0.8,-,6.4,0,24,D
Auckland Aero,20190704,900,19,-,0,11.7,24,D
Auckland Aero,20190705,900,41.4,-,0,40.5,24,D
Auckland Aero,20190706,900,0.2,-,0.7,0,24,D
Auckland Aero,20190707,900,0.2,-,1.5,0,24,D
Auckland Aero,20190708,900,1,-,1.4,0,24,D
Auckland Aero,20190709,900,1.6,-,0.7,0,24,D
Auckland Aero,20190710,900,1,-,0.6,0,24,D
Auckland Aero,20190711,900,0.4,-,1.2,0,24,D
Auckland Aero,20190712,900,0.2,-,1.9,0,24,D
Auckland Aero,20190713,900,13.2,-,0,10.4,24,D
Auckland Aero,20190714,900,0,-,0.9,0,24,D
Auckland Aero,20190715,900,16.4,-,0,14.5,24,D
Auckland Aero,20190716,900,3.2,-,0,2.3,24,D
Auckland Aero,20190717,900,5.4,-,0,4.5,24,D
Auckland Aero,20190718,900,1.6,-,0,0.7,24,D
Auckland Aero,20190719,900,0.4,-,0.5,0,24,D
Auckland Aero,20190720,900,15.8,-,0,14.3,24,D
Auckland Aero,20190721,900,2,-,0,1.1,24,D
Auckland Aero,20190722,900,0,-,0.9,0,24,D
Auckland Aero,20190723,900,0.2,-,1.7,0,24,D
Auckland Aero,20190724,900,0.2,-,2.4,0,24,D
Auckland Aero,20190725,900,0.2,-,3.1,0,24,D
Auckland Aero,20190726,900,0,-,4,0,24,D
Auckland Aero,20190727,900,0.6,-,4.4,0,24,D
Auckland Aero,20190728,900,0.2,-,5.1,0,24,D
Auckland Aero,20190729,900,0.2,-,5.8,0,24,D
Auckland Aero,20190730,900,1.4,-,5.4,0,24,D
Auckland Aero,20190731,900,8.2,-,0,1.9,24,D
Auckland Aero,20190801,900,10.4,-,0,9.5,24,D
Auckland Aero,20190802,900,2,-,0,0.3,24,D
Auckland Aero,20190803,900,10.8,-,0,9.1,24,D
Auckland Aero,20190804,900,4.2,-,0,2.5,24,D
Auckland Aero,20190805,900,10.6,-,0,8.9,24,D
Auckland Aero,20190806,900,5.8,-,0,4.1,24,D
Auckland Aero,20190807,900,2.2,-,0,0.5,24,D
Auckland Aero,20190808,900,20,-,0,18.3,24,D
Auckland Aero,20190809,900,12.8,-,0,11.1,24,D
Auckland Aero,20190810,900,4.2,-,0,2.5,24,D
Auckland Aero,20190811,900,1.4,-,0.3,0,24,D
Auckland Aero,20190812,900,6.4,-,0,4.3,24,D
Auckland Aero,20190813,900,12.4,-,0,10.7,24,D
Auckland Aero,20190814,900,6.2,-,0,4.5,24,D
Auckland Aero,20190815,900,0.6,-,1.1,0,24,D
Auckland Aero,20190816,900,0.8,-,2.1,0,24,D
Auckland Aero,20190817,900,1.4,-,2.4,0,24,D
Auckland Aero,20190818,900,8.2,-,0,4,24,D
Auckland Aero,20190819,900,2,-,0,0.3,24,D
Auckland Aero,20190820,900,0,-,1.7,0,24,D
Auckland Aero,20190821,900,27,-,0,23.5,24,D
Auckland Aero,20190822,900,26.2,-,0,24.5,24,D
Auckland Aero,20190823,900,16,-,0,14.3,24,D
Auckland Aero,20190824,900,0.4,-,1.3,0,24,D
Auckland Aero,20190825,900,0.8,-,2.3,0,24,D
Auckland Aero,20190826,900,0,-,4,0,24,D
Auckland Aero,20190827,900,3.4,-,2.4,0,24,D
Auckland Aero,20190828,900,0,-,4.1,0,24,D
Auckland Aero,20190829,900,2.8,-,3.1,0,24,D
Auckland Aero,20190830,900,0,-,4.8,0,24,D
Auckland Aero,20190831,900,0.8,-,5.7,0,24,D
Auckland Aero,20190901,900,0,-,7.4,0,24,D
Auckland Aero,20190902,900,0,-,10.1,0,24,D
Auckland Aero,20190903,900,0.2,-,12.5,0,24,D
Auckland Aero,20190904,900,13,-,2.2,0,24,D
Auckland Aero,20190905,900,2.6,-,2.2,0,24,D
Auckland Aero,20190906,900,20.8,-,0,16,24,D
Auckland Aero,20190907,900,8.8,-,0,6.2,24,D
Auckland Aero,20190908,900,12,-,0,9.4,24,D
Auckland Aero,20190909,900,4.8,-,0,2.2,24,D
Auckland Aero,20190910,900,18.2,-,0,15.6,24,D
Auckland Aero,20190911,900,0,-,2.6,0,24,D
Auckland Aero,20190912,900,0.4,-,4.9,0,24,D
Auckland Aero,20190913,900,0,-,7.5,0,24,D
Auckland Aero,20190914,900,0.4,-,9.8,0,24,D
Auckland Aero,20190915,900,0.2,-,12.2,0,24,D
Auckland Aero,20190916,900,1.6,-,13.2,0,24,D
Auckland Aero,20190917,900,0,-,15.9,0,24,D
Auckland Aero,20190918,900,0.4,-,18.1,0,24,D
Auckland Aero,20190919,900,0.6,-,20.2,0,24,D
Auckland Aero,20190920,900,0,-,22.8,0,24,D
Auckland Aero,20190921,900,0.2,-,25.2,0,24,D
Auckland Aero,20190922,900,0,-,27.9,0,24,D
Auckland Aero,20190923,900,0,-,30.5,0,24,D
Auckland Aero,20190924,900,9.4,-,23.8,0,24,D
Auckland Aero,20190925,900,11.4,-,15,0,24,D
Auckland Aero,20190926,900,13.6,-,4,0,24,D
Auckland Aero,20190927,900,2.6,-,4.1,0,24,D
Auckland Aero,20190928,900,1.4,-,5.3,0,24,D
Auckland Aero,20190929,800,0,-,8,0,24,D
Auckland Aero,20190930,800,0.2,-,10.4,0,24,D
Auckland Aero,20191001,800,3.6,-,9.4,0,24,D
Auckland Aero,20191002,800,3.2,-,9.9,0,24,D
Auckland Aero,20191003,800,4.6,-,8.9,0,24,D
Auckland Aero,20191004,800,1.8,-,10.8,0,24,D
Auckland Aero,20191005,800,0.2,-,14.2,0,24,D
Auckland Aero,20191006,800,2.2,-,15.7,0,24,D
Auckland Aero,20191007,800,0,-,19.3,0,24,D
Auckland Aero,20191008,800,0.8,-,22.2,0,24,D
Auckland Aero,20191009,800,0,-,25.8,0,24,D
Auckland Aero,20191010,800,0.2,-,29.3,0,24,D
Auckland Aero,20191011,800,9.8,-,23.1,0,24,D
Auckland Aero,20191012,800,0.2,-,26.6,0,24,D
Auckland Aero,20191013,800,0.2,-,30,0,24,D
Auckland Aero,20191014,800,0.8,-,32.9,0,24,D
Auckland Aero,20191015,800,23.6,-,12.9,0,24,D
Auckland Aero,20191016,800,5,-,11.6,0,24,D
Auckland Aero,20191017,800,0,-,15.2,0,24,D
Auckland Aero,20191018,800,0,-,18.9,0,24,D
Auckland Aero,20191019,800,1.6,-,20.9,0,24,D
Auckland Aero,20191020,800,0.2,-,24.4,0,24,D
Auckland Aero,20191021,800,0,-,28,0,24,D
Auckland Aero,20191022,800,1.6,-,30.1,0,24,D
Auckland Aero,20191023,800,7.2,-,26.5,0,24,D
Auckland Aero,20191024,800,1.4,-,28.8,0,24,D
Auckland Aero,20191025,800,1.4,-,31,0,24,D
Auckland Aero,20191026,800,0,-,34.6,0,24,D
Auckland Aero,20191027,800,0,-,38.3,0,24,D
Auckland Aero,20191028,800,0,-,41.9,0,24,D
Auckland Aero,20191029,800,2.6,-,43,0,24,D
Auckland Aero,20191030,800,0,-,46.6,0,24,D
Auckland Aero,20191031,800,0,-,50.3,0,24,D
Auckland Aero,20191101,800,0,-,53.9,0,24,D
Auckland Aero,20191102,800,0,-,58.9,0,24,D
Auckland Aero,20191103,800,0,-,63.9,0,24,D
Auckland Aero,20191104,800,0,-,68.9,0,24,D
Auckland Aero,20191105,800,0,-,73.9,0,24,D
Auckland Aero,20191106,800,0,-,78.9,0,24,D
Auckland Aero,20191107,800,0,-,83.7,0,24,D
Auckland Aero,20191108,800,0,-,88.1,0,24,D
Auckland Aero,20191109,800,0,-,92.2,0,24,D
Auckland Aero,20191110,800,5,-,91.1,0,24,D
Auckland Aero,20191111,800,14.2,-,80.8,0,24,D
Auckland Aero,20191112,800,0,-,85.4,0,24,D
Auckland Aero,20191113,800,1,-,88.7,0,24,D
Auckland Aero,20191114,800,5.6,-,87.2,0,24,D
Auckland Aero,20191115,800,0.4,-,91,0,24,D
Auckland Aero,20191116,800,0,-,94.9,0,24,D
Auckland Aero,20191117,800,0,-,98.6,0,24,D
Auckland Aero,20191118,800,9.4,-,92.6,0,24,D
Auckland Aero,20191119,800,3.8,-,92.6,0,24,D
Auckland Aero,20191120,800,0,-,96.4,0,24,D
Auckland Aero,20191121,800,0,-,100,0,24,D
Auckland Aero,20191122,800,0,-,103.3,0,24,D
Auckland Aero,20191123,800,0,-,106.5,0,24,D
Auckland Aero,20191124,800,0,-,109.4,0,24,D
Auckland Aero,20191125,800,0,-,112.1,0,24,D
Auckland Aero,20191126,800,0,-,114.6,0,24,D
Auckland Aero,20191127,800,0,-,116.9,0,24,D
Auckland Aero,20191128,800,0,-,119.2,0,24,D
Auckland Aero,20191130,800,0,-,123.1,0,24,D
Auckland Aero,20191201,800,0,-,124.9,0,24,D
Auckland Aero,20191202,800,2.6,-,124.2,0,24,D
Auckland Aero,20191203,800,0,-,126.2,0,24,D
Auckland Aero,20191204,800,4,-,124,0,24,D
Auckland Aero,20191205,800,0,-,126,0,24,D
Auckland Aero,20191206,800,0,-,127.9,0,24,D
Auckland Aero,20191207,800,0,-,129.6,0,24,D
Auckland Aero,20191208,800,0,-,131.1,0,24,D
Auckland Aero,20191209,800,1.2,-,131.4,0,24,D
Auckland Aero,20191210,800,0,-,132.8,0,24,D
Auckland Aero,20191211,800,0,-,134.1,0,24,D
Auckland Aero,20191212,800,0,-,135.3,0,24,D
Auckland Aero,20191213,800,0,-,136.5,0,24,D
Auckland Aero,20191214,800,4,-,133.5,0,24,D
Auckland Aero,20191215,800,0.2,-,134.6,0,24,D
Auckland Aero,20191216,800,0.6,-,135.2,0,24,D
Auckland Aero,20191217,800,1,-,135.3,0,24,D
Auckland Aero,20191218,800,30.2,-,106.2,0,24,D
Auckland Aero,20191219,800,0.4,-,109.2,0,24,D
Auckland Aero,20191220,800,0,-,112.3,0,24,D
Auckland Aero,20191221,800,4.6,-,110.6,0,24,D
Auckland Aero,20191222,800,0.2,-,113.4,0,24,D
Auckland Aero,20191223,800,0,-,116.2,0,24,D
Auckland Aero,20191224,800,0,-,118.8,0,24,D
Auckland Aero,20191225,800,0,-,121.2,0,24,D
Auckland Aero,20191226,800,0,-,123.4,0,24,D
Auckland Aero,20191227,800,0,-,125.5,0,24,D
Auckland Aero,20191228,800,2,-,125.3,0,24,D
Auckland Aero,20191229,800,0,-,127.2,0,24,D
Auckland Aero,20191230,800,0,-,129,0,24,D
Auckland Aero,20191231,800,0,-,130.6,0,24,D
Auckland Aero,20200101,800,0,-,132.1,0,24,D
Auckland Aero,20200102,800,0,-,133.5,0,24,D
Auckland Aero,20200103,800,0,-,134.8,0,24,D
Auckland Aero,20200104,800,0,-,136.1,0,24,D
Auckland Aero,20200105,800,0,-,137.2,0,24,D
Auckland Aero,20200106,800,2.2,-,136,0,24,D
Auckland Aero,20200107,800,0.2,-,136.9,0,24,D
Auckland Aero,20200108,800,0,-,138,0,24,D
Auckland Aero,20200109,800,0,-,138.9,0,24,D
Auckland Aero,20200110,800,0,-,139.8,0,24,D
Auckland Aero,20200111,800,0,-,140.6,0,24,D
Auckland Aero,20200112,800,0,-,141.4,0,24,D
Auckland Aero,20200113,800,0,-,142.1,0,24,D
Auckland Aero,20200114,800,0.2,-,142.5,0,24,D
Auckland Aero,20200115,800,5,-,138.1,0,24,D
Auckland Aero,20200116,800,0,-,139.1,0,24,D
Auckland Aero,20200117,800,0,-,140,0,24,D
Auckland Aero,20200118,800,0,-,140.8,0,24,D
Auckland Aero,20200119,800,0,-,141.5,0,24,D
Auckland Aero,20200120,800,0,-,142.2,0,24,D
Auckland Aero,20200121,800,0,-,142.8,0,24,D
Auckland Aero,20200122,800,0,-,143.4,0,24,D
Auckland Aero,20200123,800,0,-,143.9,0,24,D
Auckland Aero,20200124,800,0,-,144.4,0,24,D
Auckland Aero,20200125,800,0,-,144.9,0,24,D
Auckland Aero,20200126,800,0,-,145.3,0,24,D
Auckland Aero,20200127,800,0,-,145.6,0,24,D
Auckland Aero,20200128,800,0,-,146,0,24,D
Auckland Aero,20200129,800,0.2,-,146.1,0,24,D
Auckland Aero,20200130,800,0,-,146.4,0,24,D
Auckland Aero,20200131,800,0,-,146.7,0,24,D
Auckland Aero,20200201,800,0,-,147,0,24,D
Auckland Aero,20200202,800,0,-,147.2,0,24,D
Auckland Aero,20200203,800,0,-,147.4,0,24,D
Auckland Aero,20200204,800,0,-,147.6,0,24,D
Auckland Aero,20200205,800,0,-,147.8,0,24,D
Auckland Aero,20200206,800,0,-,147.9,0,24,D
Auckland Aero,20200207,800,0,-,148.1,0,24,D
Auckland Aero,20200208,800,0,-,148.2,0,24,D
Auckland Aero,20200209,800,0,-,148.4,0,24,D
Auckland Aero,20200210,800,0,-,148.5,0,24,D
Auckland Aero,20200211,800,0,-,148.6,0,24,D
Auckland Aero,20200212,800,0,-,148.7,0,24,D
Auckland Aero,20200213,800,0,-,148.8,0,24,D
Auckland Aero,20200214,800,0,-,148.9,0,24,D
Auckland Aero,20200215,800,0,-,149,0,24,D
Auckland Aero,20200216,800,0,-,149.1,0,24,D
Auckland Aero,20200217,800,0,-,149.1,0,24,D
Auckland Aero,20200218,800,0,-,149.2,0,24,D
Auckland Aero,20200219,800,0,-,149.3,0,24,D
Auckland Aero,20200220,800,0,-,149.3,0,24,D
Auckland Aero,20200221,800,0,-,149.4,0,24,D
Auckland Aero,20200222,800,0.8,-,148.6,0,24,D
Auckland Aero,20200223,800,13.6,-,135.1,0,24,D
Auckland Aero,20200224,800,0,-,136.2,0,24,D
Auckland Aero,20200225,800,0,-,137.3,0,24,D
Auckland Aero,20200226,800,0,-,138.2,0,24,D
Auckland Aero,20200227,800,0,-,139.1,0,24,D
Auckland Aero,20200228,800,0,-,139.9,0,24,D
Auckland Aero,20200229,800,0,-,140.7,0,24,D
Auckland Aero,20200301,800,0,-,141.4,0,24,D
Auckland Aero,20200302,800,0,-,141.8,0,24,D
Auckland Aero,20200303,800,0,-,142.2,0,24,D
Auckland Aero,20200304,800,10.6,-,132,0,24,D
Auckland Aero,20200305,800,1.2,-,131.7,0,24,D
Auckland Aero,20200306,800,0,-,132.7,0,24,D
Auckland Aero,20200307,800,0,-,133.6,0,24,D
Auckland Aero,20200308,800,0,-,134.4,0,24,D
Auckland Aero,20200309,800,0,-,135.2,0,24,D
Auckland Aero,20200310,800,3,-,132.9,0,24,D
Auckland Aero,20200311,800,2.2,-,131.6,0,24,D
Auckland Aero,20200312,800,0.6,-,131.9,0,24,D
Auckland Aero,20200313,800,0,-,132.9,0,24,D
Auckland Aero,20200314,800,0,-,133.7,0,24,D
Auckland Aero,20200315,800,0,-,134.6,0,24,D
Auckland Aero,20200316,800,0,-,135.3,0,24,D
Auckland Aero,20200317,800,0,-,136.1,0,24,D
Auckland Aero,20200318,800,0,-,136.8,0,24,D
Auckland Aero,20200319,800,0,-,137.5,0,24,D
Auckland Aero,20200320,800,5.6,-,132.5,0,24,D
Auckland Aero,20200321,800,0.2,-,133.2,0,24,D
Auckland Aero,20200322,800,0,-,134,0,24,D
Auckland Aero,20200323,800,3.4,-,131.5,0,24,D
Auckland Aero,20200324,800,2.2,-,130.2,0,24,D
Auckland Aero,20200325,800,0.8,-,130.4,0,24,D
Auckland Aero,20200326,800,0,-,131.4,0,24,D
Auckland Aero,20200327,800,0.8,-,131.5,0,24,D
Auckland Aero,20200328,800,7,-,125.5,0,24,D
Auckland Aero,20200329,800,0,-,126.7,0,24,D
Auckland Aero,20200330,800,0,-,127.9,0,24,D
Auckland Aero,20200331,800,2.6,-,126.4,0,24,D
Auckland Aero,20200401,800,0.2,-,127.4,0,24,D
Auckland Aero,20200402,800,0,-,128.1,0,24,D
Auckland Aero,20200403,800,0.2,-,128.6,0,24,D
Auckland Aero,20200404,800,0,-,129.2,0,24,D
Auckland Aero,20200405,900,0,-,129.9,0,24,D
Auckland Aero,20200406,900,0,-,130.5,0,24,D
Auckland Aero,20200407,900,0,-,131.1,0,24,D
Auckland Aero,20200408,900,0,-,131.7,0,24,D
Auckland Aero,20200409,900,0.2,-,132.1,0,24,D
Auckland Aero,20200410,900,1.8,-,130.8,0,24,D
Auckland Aero,20200411,900,0,-,131.4,0,24,D
Auckland Aero,20200412,900,0,-,132,0,24,D
Auckland Aero,20200413,900,10.6,-,121.9,0,24,D
Auckland Aero,20200414,900,1.6,-,121.2,0,24,D
Auckland Aero,20200415,900,1.4,-,120.7,0,24,D
Auckland Aero,20200416,900,3.2,-,118.4,0,24,D
Auckland Aero,20200417,900,1.8,-,117.6,0,24,D
Auckland Aero,20200418,900,8.4,-,110.2,0,24,D
Auckland Aero,20200419,900,1.6,-,109.8,0,24,D
Auckland Aero,20200420,900,0.6,-,110.5,0,24,D
Auckland Aero,20200421,900,0.2,-,111.5,0,24,D
Auckland Aero,20200422,900,0.2,-,112.5,0,24,D
Auckland Aero,20200423,900,0,-,113.7,0,24,D
Auckland Aero,20200424,900,0.2,-,114.6,0,24,D
Auckland Aero,20200425,900,0.2,-,115.5,0,24,D
Auckland Aero,20200426,900,0,-,116.5,0,24,D
Auckland Aero,20200427,900,0.2,-,117.4,0,24,D
Auckland Aero,20200428,900,0,-,118.4,0,24,D
Auckland Aero,20200429,900,0,-,119.4,0,24,D
Auckland Aero,20200430,900,0.2,-,120.1,0,24,D
Auckland Aero,20200501,900,0,-,121,0,24,D
Auckland Aero,20200502,900,0,-,121.5,0,24,D
Auckland Aero,20200503,900,0.2,-,121.8,0,24,D
Auckland Aero,20200504,900,34,-,88.2,0,24,D
Auckland Aero,20200505,900,11.2,-,78.1,0,24,D
Auckland Aero,20200506,900,14,-,65.2,0,24,D
Auckland Aero,20200507,900,0.2,-,66.2,0,24,D
Auckland Aero,20200508,900,0.2,-,67.3,0,24,D
Auckland Aero,20200509,900,0,-,68.5,0,24,D
Auckland Aero,20200510,900,0.2,-,69.5,0,24,D
Auckland Aero,20200511,900,0,-,70.7,0,24,D
Auckland Aero,20200512,900,0,-,72,0,24,D
Auckland Aero,20200513,900,0.2,-,73,0,24,D
Auckland Aero,20200514,900,0.2,-,74,0,24,D
Auckland Aero,20200515,900,0.2,-,75,0,24,D
Auckland Aero,20200516,900,0,-,76.3,0,24,D
Auckland Aero,20200517,900,0,-,77.5,0,24,D
Auckland Aero,20200518,900,0,-,78.7,0,24,D
Auckland Aero,20200519,900,0.2,-,79.6,0,24,D
Auckland Aero,20200520,900,0.2,-,80.6,0,24,D
Auckland Aero,20200521,900,0,-,81.7,0,24,D
Auckland Aero,20200522,900,0,-,82.8,0,24,D
Auckland Aero,20200523,900,0.2,-,83.7,0,24,D
Auckland Aero,20200524,900,0,-,84.8,0,24,D
Auckland Aero,20200525,900,15,-,70.9,0,24,D
Auckland Aero,20200526,900,11.2,-,60.9,0,24,D
Auckland Aero,20200527,900,2.6,-,59.5,0,24,D
Auckland Aero,20200528,900,2.2,-,58.5,0,24,D
Auckland Aero,20200529,900,0,-,59.7,0,24,D
Auckland Aero,20200530,900,5.4,-,55.5,0,24,D
Auckland Aero,20200531,900,0,-,56.9,0,24,D
,,,,,,,,
UserName is = simonswinton,,,,,,,,
Total number of rows output = 1612,,,,,,,,
Number of rows remaining in subscription = 1979681,,,,,,,,
Copyright NIWA 2020 Subject to NIWA's Terms and Conditions,,,,,,,,
See: http://clifloecd1.niwa.co.nz/pls/niwp/doc/terms.html,,,,,,,,
Comments to: cliflo@niwa.co.nz,,,,,,,,